link,title
https://ifilo.net/v/zU2MmNE,۴۰  جنگنده روسیه هدف حمله پهپادی اوکراین
https://ifilo.net/v/hBbpFw0,دستگاه های ماینر خانگی برای استخراج رمزارز به سود نمی رسند
https://ifilo.net/v/IlVZyK9,چتر باز چینی در هوا یخ زد
https://ifilo.net/v/4d36mpx,پاوربانک خورشیدی برای شارژ موبایلها ضروری
https://ifilo.net/v/dQPtm5p,ممنوعیت نگه داشتن کارنامه برای شهریه دانش آموزان
https://ifilo.net/v/hfHpTqF,فیلم/ مستند جنجالی هیس! ایرانی ها فریاد نمی زنند
https://ifilo.net/v/3dki6QA,اعتبار از دست رفته یک خبرگزاری،دروغ هایی که اعتماد به خبرگزاری رویترز را خدشه دار کرد
https://ifilo.net/v/ppmSUaw,ادعای رسانه کره ای: بازداشت ۳ دوومیدانی کار ایران به اتهام تجاوز!
https://ifilo.net/v/9LyxDqk,مدیرعامل ایران  خودرو: تولید سمند سورن به  زودی متوقف می شود.
https://ifilo.net/v/Zuz9er0,پاسخ حجت الاسلام انصاریان به حاشیه سازی های اخیر
https://ifilo.net/v/LFGGt1w,فیلم| جمع آوری اتباع افغان توسط پلیس پایتخت
https://ifilo.net/v/akH5BhR,فیلم/ جمع آوری اتباع افغان توسط پلیس پایتخت
https://ifilo.net/v/J5yA8py,حبس در انتظار استخراج کنندگان غیرمجاز رمز ارز
https://ifilo.net/v/INt2dVI,دستگاه های ماینر خانگی برای استخراج رمزارز به سود نمی رسند
https://ifilo.net/v/LPMGDkd,مبارز ایرلندی بعد از ترکوندن حریف اسرائیلی فریاد فلسطین آزاد سر داد
https://ifilo.net/v/75PLZSY,هجوم ملخ ها به آران و بیدگل اصفهان
https://ifilo.net/v/6H8Wts6,جاذبه ی گردشگری در امریکا
https://ifilo.net/v/5IJefOk,تولید کننده و نصب انواع هواساز کلین روم در شیراز 09177002700
https://ifilo.net/v/qievOkv,تولید و نصب انواع هواساز کلین روم در شیراز 09121865671
https://ifilo.net/v/pp6fGVG,جوان دستفروش جان یازده نفر رانجات داد
https://ifilo.net/v/SdOyJkt,ساخت انواع هواساز کلین روم در شیراز هلدینگ کولاک فن 09121865671
https://ifilo.net/v/nc2AUdm,این مرد باچادر زنانه وارد آرایشگاه زنانه میشه
https://ifilo.net/v/05Vhbd9,مبارز ایرلندی بعد از ترکوندن حریف اسراییلی فریاد فلسطین آزاد سر داد
https://ifilo.net/v/OHmBA7s,🫡🇮🇷🎁به ناوگان هوایی مادوفروندایرباس A330افزوده شد
https://ifilo.net/v/OVVYmPG,تقاضای بانمک خرس برای غذا!!!!🦫🐻🍯🥪😹
https://ifilo.net/v/DIBSe5m,تاخت و تاز طوفان در سیستان
https://ifilo.net/v/mEN5343,تولید باکیفیت ترین هواساز کلین روم در شیراز 09121865671
https://ifilo.net/v/M8tfzbQ,🐭🐣😂🍹 موشه دایان بیوگرافی این ویدیو
https://ifilo.net/v/R9NJUSZ,استتار افغان ها برای ورود به ترکیه
https://ifilo.net/v/DxNmfLA,توضیحات شیخ حسین انصاریان درباره دیدار اخیر با خاتمی و ابطحی
https://ifilo.net/v/3buKGN1,مرور روزنامه های ۱۱ خرداد ۱۴۰۴
https://ifilo.net/v/20opOSv,جشن قهرمانی، جنگ شد/ وضعیت خیابان های پاریس پس از قهرمانی پاری سن ژرمن
https://ifilo.net/v/jgc91t8,نماینده مجلس گفت ناترازی دروغ است بلکه مازاد منابع نیز داریم
https://ifilo.net/v/LUVKdqs,تولید کننده انواع هواساز های کلین روم در شیراز 09177002700
https://ifilo.net/v/Xh5KMwP,آمریکای پس از فتنه انقلاب جنسی
https://ifilo.net/v/Vjag7z8,طراحی و تولید انواع هواساز های کلین روم در شیراز 09121865671
https://ifilo.net/v/aDQ9Sgl,جشن قهرمانی، جنگ شد/ وضعیت خیابان های پاریس پس از قهرمانی پاری سن ژرمن
https://ifilo.net/v/3oBw9D3,حجت الاسلام قاسمیان بیانیه صادر کرد
https://ifilo.net/v/tmueygt,قیمت هواساز کلین روم در شیراز 09121865671
https://ifilo.net/v/7i20V0t,تست تست تست تست تست
https://ifilo.net/v/huJs0BF,بعد از جهنم، این بار از بهشت فومن رونمایی شد
https://ifilo.net/v/Jg0HnI5,بعد از جهنم، بهشت فومن هم افتتاح شد + ویدئو
https://ifilo.net/v/mF5cqID,طراحی و تولید انواع هواساز کلین روم در شیراز 09121865671
https://ifilo.net/v/vwaXdzt,حاکم امارات بنزین را برای بازنشستگان رایگان کرد......
https://ifilo.net/v/waGbzXt,بعد از جهنم، این بار از بهشت فومن رونمایی شد
https://ifilo.net/v/byL0s5e,انتقال سوخت توسط قاچاقچیان وسط دریا
https://ifilo.net/v/xcWsd33,انتقال سوخت توسط قاچاقچیان وسط دریا
https://ifilo.net/v/zMpuLbi,مرور روزنامه های ۱۱ خرداد ۱۴۰۴
https://ifilo.net/v/73dkrlv,بنای رختشویخانه زنجان ... آثار تاریخی کم نظیر ...
https://ifilo.net/v/S64OG2F,بعد از جهنم فومن،حالا بهشت فومن افتتاح شد
https://ifilo.net/v/xSwMsw2,بازنشر ویدیوی «صحبت های غلامرضا قاسمیان در جمع حامیان درباره علت بازداشت و اخراجش در عربستان»
https://ifilo.net/v/3CR5L4x,جواب مجری تلویزیونی ترکیه ای به هندوستانی که گفته بود ترکیه رو به جهنم تبدیل می کنیم
https://ifilo.net/v/9Dn1zlY,بنای رختشویخانه زنجان ... آثار تاریخی کم نظیر ...
https://ifilo.net/v/LEZWIHT,دستگیری سارقی که عشق به دزدی داشت!
https://ifilo.net/v/o6B74xy,مراسم اهدای جام لیگ قهرمانان اروپا به پاری  سن  ژرمن
https://ifilo.net/v/qkRTRWm,وصیت نامه رسول الله (صلی الله علیه وآله)
https://ifilo.net/v/b7BiDB1,یادبود هنری و فرهنگی به مردم کانادا هلند و آلمان
https://ifilo.net/v/p1Wttua,اتفاق بسیار بسیار عجیب که در کشور آمریکا اتفاق افتاده
https://ifilo.net/v/s3s6xAZ,عملیات وعده صادق 3 خشاب گذاری و اماده شلیک
https://ifilo.net/v/QOJVTcI,نیروی هوایی امریکا وعده صادق 3 تا لحظاتی دیگر
https://ifilo.net/v/6Pym0DH,ایران با وعده صادق 3 اماده حمله
https://ifilo.net/v/IzKpgp8,نمایش قدرت نظامی ایران
https://ifilo.net/v/phdDs7N,قدرت پهبادی جمهوری اسلامی ایران قدرت برتر منطقه
https://ifilo.net/v/c1pQSq0,موشک های ایران اماده خشاب گذاری شدند
https://ifilo.net/v/F9ES7Rt,موشک خرمشهر 4 و سرجنگی بارشی
https://ifilo.net/v/3CBdk6l,انهدام هواگرد های دشمن به کمک «مین جت پلاسما» سپاه
https://ifilo.net/v/JmYU7uc,قدرت موشکی ایران را به قدرت اول منطقه تبدیل کرد
https://ifilo.net/v/eB7BXyk,موشک هایپرسونیک ایران
https://ifilo.net/v/rzxleTk,تکنولوژی ساخت موشک هایپرسونیک ایران
https://ifilo.net/v/Wfecuio,تصاویر کمیاب از قدرت پهبادی و موشکی ایران
https://ifilo.net/v/eyuClTy,ممنوعیت های واردات تلفن همراه برداشته شده است
https://ifilo.net/v/6T1SXz0,اگر به FATF بپیوندیم فاجعه ای مثل پیجرها در ایران رخ می دهد
https://ifilo.net/v/HgfTy4G,مردم نون ندارن بخورن سران اصلاحات فکر قر و فرن!
https://ifilo.net/v/HfaEahl,قدرت پهبادی ایران و غنی سازی نطنز
https://ifilo.net/v/63LUjwJ,قدرت امام زمان روحی فداه استاد سید مهدی فقیه امامی
https://ifilo.net/v/TFzQyVw,سامانه باور373 ایران دومین سامانه برتر دنیا
https://ifilo.net/v/PxiHBZZ,تصاویر دیده نشده از احظه اصابت موشک بر پایگاه نواتیم و تلنوف
https://ifilo.net/v/yeBgFvf,به مردم روسیه میگن ایران داره شما رو میدوشه
https://ifilo.net/v/a3vBnMc,اطلاعات محرمانه از پدافند ایران درمقابل  حملات اسراییل
https://ifilo.net/v/dsDkMSS,تصاویر کمتردیده شده از قدرت ارتش چین 2024
https://ifilo.net/v/tC5r693,تصاویر کمتر دیده شده از قدرت ارتش روسیه و چین
https://ifilo.net/v/906GXJ1,قدرت موشکی روسیه ارزیابی و تحلیل
https://ifilo.net/v/J9llsew,رزمایش ایران و قدرت دفاعی تصاویر کمتر دیده شده
https://ifilo.net/v/paDtVaK,جاسوسی ویکی پدیا توسط خود مردم
https://ifilo.net/v/5AU8ZZl,قدرت موشکی ایران چقدر است
https://ifilo.net/v/xVH6pHS,حمله ایران اغاز میشود وعده صادق 3
https://ifilo.net/v/3UI6DKj,تحلیل اتفاقات منطقه و حمله ایران وعده صادق3
https://ifilo.net/v/VfWHZA6,🚫 این نمیشود دم از انقلاب بزنید ولی فتنه گران را حمایت کنید ، این پدیده زشتی است
https://ifilo.net/v/zhrc6pD,جزییات ترور اسماعیل هنیه فاش شد
https://ifilo.net/v/HmC2Ygg,دلیل تعدد امام زادگانِ ایران و اینکه چرا باید تعظیم و احترام شوند
https://ifilo.net/v/m1WhNe6,هر یک غذایی که در عید غدیر بدید معادل غذا دادن به ده تا یک صدهزار (یک میلیون) پیغمبر است.
https://ifilo.net/v/fP7ATPV,استتار افغان ها برای ورود به ترکیه
https://ifilo.net/v/8aioaz6,حمله پیش دستانه ایران به دیگوگارسیا
https://ifilo.net/v/Ju4KCMa,چرا عرفه از کل ماه رمضان، قدرتش بیشتره؟
https://ifilo.net/v/24UerSe,حمله سگ ها به پستچی ها در آمریکا سال گذشته به بیش از ۶۰۰۰ مورد رسید
https://ifilo.net/v/Ju4AN5B,ماموریت به خاطر شانا انجام شد
https://ifilo.net/v/454DNp6,حمله نیروهای رژیم صهیونیستی به زائران فلسطینی حج
https://ifilo.net/v/JoS4JBt,فینال لیگ قهرمانان اروپا ۲۰۲۵
https://ifilo.net/v/fypSnVA,پایان گروگانگيري در لنگرود با مرگ گروگانگير
https://ifilo.net/v/n0bB2yD,باشگاه پرسپولیس قرارداد علیرضا عنایت زاده
