[
  {
    "link": "https://ifilo.net/v/zU2MmNE",
    "title": "۴۰جنگندهروسیههدفحملهپهپادیاوکراین"
  },
  {
    "link": "https://ifilo.net/v/hBbpFw0",
    "title": "دستگاههایماینرخانگیبرایاستخراجرمزارزبهسودنمیرسند"
  },
  {
    "link": "https://ifilo.net/v/IlVZyK9",
    "title": "چتربازچینیدرهوایخزد"
  },
  {
    "link": "https://ifilo.net/v/4d36mpx",
    "title": "پاوربانکخورشیدیبرایشارژموبایلهاضروری"
  },
  {
    "link": "https://ifilo.net/v/dQPtm5p",
    "title": "ممنوعیتنگهداشتنکارنامهبرایشهریهدانشآموزان"
  },
  {
    "link": "https://ifilo.net/v/hfHpTqF",
    "title": "فیلم/مستندجنجالیهیس!ایرانیهافریادنمیزنند"
  },
  {
    "link": "https://ifilo.net/v/3dki6QA",
    "title": "اعتبارازدسترفتهیکخبرگزاری،دروغهاییکهاعتمادبهخبرگزاریرویترزراخدشهدارکرد"
  },
  {
    "link": "https://ifilo.net/v/ppmSUaw",
    "title": "ادعایرسانهکرهای:بازداشت۳دوومیدانیکارایرانبهاتهامتجاوز!"
  },
  {
    "link": "https://ifilo.net/v/9LyxDqk",
    "title": "مدیرعاملایرانخودرو:تولیدسمندسورنبهزودیمتوقفمیشود."
  },
  {
    "link": "https://ifilo.net/v/Zuz9er0",
    "title": "پاسخحجتالاسلامانصاریانبهحاشیهسازیهایاخیر"
  },
  {
    "link": "https://ifilo.net/v/LFGGt1w",
    "title": "فیلم|جمعآوریاتباعافغانتوسطپلیسپایتخت"
  },
  {
    "link": "https://ifilo.net/v/akH5BhR",
    "title": "فیلم/جمعآوریاتباعافغانتوسطپلیسپایتخت"
  },
  {
    "link": "https://ifilo.net/v/J5yA8py",
    "title": "حبسدرانتظاراستخراجکنندگانغیرمجازرمزارز"
  },
  {
    "link": "https://ifilo.net/v/INt2dVI",
    "title": "دستگاههایماینرخانگیبرایاستخراجرمزارزبهسودنمیرسند"
  },
  {
    "link": "https://ifilo.net/v/LPMGDkd",
    "title": "مبارزایرلندیبعدازترکوندنحریفاسرائیلیفریادفلسطینآزادسرداد"
  },
  {
    "link": "https://ifilo.net/v/75PLZSY",
    "title": "هجومملخهابهآرانوبیدگلاصفهان"
  },
  {
    "link": "https://ifilo.net/v/6H8Wts6",
    "title": "جاذبهیگردشگریدرامریکا"
  },
  {
    "link": "https://ifilo.net/v/5IJefOk",
    "title": "تولیدکنندهونصبانواعهواسازکلینرومدرشیراز09177002700"
  },
  {
    "link": "https://ifilo.net/v/qievOkv",
    "title": "تولیدونصبانواعهواسازکلینرومدرشیراز09121865671"
  },
  {
    "link": "https://ifilo.net/v/pp6fGVG",
    "title": "جواندستفروشجانیازدهنفررانجاتداد"
  },
  {
    "link": "https://ifilo.net/v/SdOyJkt",
    "title": "ساختانواعهواسازکلینرومدرشیرازهلدینگکولاکفن09121865671"
  },
  {
    "link": "https://ifilo.net/v/nc2AUdm",
    "title": "اینمردباچادرزنانهواردآرایشگاهزنانهمیشه"
  },
  {
    "link": "https://ifilo.net/v/05Vhbd9",
    "title": "مبارزایرلندیبعدازترکوندنحریفاسراییلیفریادفلسطینآزادسرداد"
  },
  {
    "link": "https://ifilo.net/v/OHmBA7s",
    "title": "🫡🇮🇷🎁بهناوگانهواییمادوفروندایرباسA330افزودهشد"
  },
  {
    "link": "https://ifilo.net/v/OVVYmPG",
    "title": "تقاضایبانمکخرسبرایغذا!!!!🦫🐻🍯🥪😹"
  },
  {
    "link": "https://ifilo.net/v/DIBSe5m",
    "title": "تاختوتازطوفاندرسیستان"
  },
  {
    "link": "https://ifilo.net/v/mEN5343",
    "title": "تولیدباکیفیتترینهواسازکلینرومدرشیراز09121865671"
  },
  {
    "link": "https://ifilo.net/v/M8tfzbQ",
    "title": "🐭🐣😂🍹موشهدایانبیوگرافیاینویدیو"
  },
  {
    "link": "https://ifilo.net/v/R9NJUSZ",
    "title": "استتارافغانهابرایورودبهترکیه"
  },
  {
    "link": "https://ifilo.net/v/DxNmfLA",
    "title": "توضیحاتشیخحسینانصاریاندربارهدیداراخیرباخاتمیوابطحی"
  },
  {
    "link": "https://ifilo.net/v/3buKGN1",
    "title": "مرورروزنامههای۱۱خرداد۱۴۰۴"
  },
  {
    "link": "https://ifilo.net/v/20opOSv",
    "title": "جشنقهرمانی،جنگشد/وضعیتخیابانهایپاریسپسازقهرمانیپاریسنژرمن"
  },
  {
    "link": "https://ifilo.net/v/jgc91t8",
    "title": "نمایندهمجلسگفتناترازیدروغاستبلکهمازادمنابعنیزداریم"
  },
  {
    "link": "https://ifilo.net/v/LUVKdqs",
    "title": "تولیدکنندهانواعهواسازهایکلینرومدرشیراز09177002700"
  },
  {
    "link": "https://ifilo.net/v/Xh5KMwP",
    "title": "آمریکایپسازفتنهانقلابجنسی"
  },
  {
    "link": "https://ifilo.net/v/Vjag7z8",
    "title": "طراحیوتولیدانواعهواسازهایکلینرومدرشیراز09121865671"
  },
  {
    "link": "https://ifilo.net/v/aDQ9Sgl",
    "title": "جشنقهرمانی،جنگشد/وضعیتخیابانهایپاریسپسازقهرمانیپاریسنژرمن"
  },
  {
    "link": "https://ifilo.net/v/3oBw9D3",
    "title": "حجتالاسلامقاسمیانبیانیهصادرکرد"
  },
  {
    "link": "https://ifilo.net/v/tmueygt",
    "title": "قیمتهواسازکلینرومدرشیراز09121865671"
  },
  {
    "link": "https://ifilo.net/v/7i20V0t",
    "title": "تستتستتستتستتست"
  },
  {
    "link": "https://ifilo.net/v/huJs0BF",
    "title": "بعدازجهنم،اینبارازبهشتفومنرونماییشد"
  },
  {
    "link": "https://ifilo.net/v/Jg0HnI5",
    "title": "بعدازجهنم،بهشتفومنهمافتتاحشد+ویدئو"
  },
  {
    "link": "https://ifilo.net/v/mF5cqID",
    "title": "طراحیوتولیدانواعهواسازکلینرومدرشیراز09121865671"
  },
  {
    "link": "https://ifilo.net/v/vwaXdzt",
    "title": "حاکماماراتبنزینرابرایبازنشستگانرایگانکرد......"
  },
  {
    "link": "https://ifilo.net/v/waGbzXt",
    "title": "بعدازجهنم،اینبارازبهشتفومنرونماییشد"
  },
  {
    "link": "https://ifilo.net/v/byL0s5e",
    "title": "انتقالسوختتوسطقاچاقچیانوسطدریا"
  },
  {
    "link": "https://ifilo.net/v/xcWsd33",
    "title": "انتقالسوختتوسطقاچاقچیانوسطدریا"
  },
  {
    "link": "https://ifilo.net/v/zMpuLbi",
    "title": "مرورروزنامههای۱۱خرداد۱۴۰۴"
  },
  {
    "link": "https://ifilo.net/v/73dkrlv",
    "title": "بنایرختشویخانهزنجان...آثارتاریخیکمنظیر..."
  },
  {
    "link": "https://ifilo.net/v/S64OG2F",
    "title": "بعدازجهنمفومن،حالابهشتفومنافتتاحشد"
  },
  {
    "link": "https://ifilo.net/v/xSwMsw2",
    "title": "بازنشرویدیوی«صحبتهایغلامرضاقاسمیاندرجمعحامیاندربارهعلتبازداشتواخراجشدرعربستان»"
  },
  {
    "link": "https://ifilo.net/v/3CR5L4x",
    "title": "جوابمجریتلویزیونیترکیهایبههندوستانیکهگفتهبودترکیهروبهجهنمتبدیلمیکنیم"
  },
  {
    "link": "https://ifilo.net/v/9Dn1zlY",
    "title": "بنایرختشویخانهزنجان...آثارتاریخیکمنظیر..."
  },
  {
    "link": "https://ifilo.net/v/LEZWIHT",
    "title": "دستگیریسارقیکهعشقبهدزدیداشت!"
  },
  {
    "link": "https://ifilo.net/v/o6B74xy",
    "title": "مراسماهدایجاملیگقهرماناناروپابهپاریسنژرمن"
  },
  {
    "link": "https://ifilo.net/v/qkRTRWm",
    "title": "وصیتنامهرسولالله(صلیاللهعلیهوآله)"
  },
  {
    "link": "https://ifilo.net/v/b7BiDB1",
    "title": "یادبودهنریوفرهنگیبهمردمکاناداهلندوآلمان"
  },
  {
    "link": "https://ifilo.net/v/p1Wttua",
    "title": "اتفاقبسیاربسیارعجیبکهدرکشورآمریکااتفاقافتاده"
  },
  {
    "link": "https://ifilo.net/v/s3s6xAZ",
    "title": "عملیاتوعدهصادق3خشابگذاریوامادهشلیک"
  },
  {
    "link": "https://ifilo.net/v/QOJVTcI",
    "title": "نیرویهواییامریکاوعدهصادق3تالحظاتیدیگر"
  },
  {
    "link": "https://ifilo.net/v/6Pym0DH",
    "title": "ایرانباوعدهصادق3امادهحمله"
  },
  {
    "link": "https://ifilo.net/v/IzKpgp8",
    "title": "نمایشقدرتنظامیایران"
  },
  {
    "link": "https://ifilo.net/v/phdDs7N",
    "title": "قدرتپهبادیجمهوریاسلامیایرانقدرتبرترمنطقه"
  },
  {
    "link": "https://ifilo.net/v/c1pQSq0",
    "title": "موشکهایایرانامادهخشابگذاریشدند"
  },
  {
    "link": "https://ifilo.net/v/F9ES7Rt",
    "title": "موشکخرمشهر4وسرجنگیبارشی"
  },
  {
    "link": "https://ifilo.net/v/3CBdk6l",
    "title": "انهدامهواگردهایدشمنبهکمک«مینجتپلاسما»سپاه"
  },
  {
    "link": "https://ifilo.net/v/JmYU7uc",
    "title": "قدرتموشکیایرانرابهقدرتاولمنطقهتبدیلکرد"
  },
  {
    "link": "https://ifilo.net/v/eB7BXyk",
    "title": "موشکهایپرسونیکایران"
  },
  {
    "link": "https://ifilo.net/v/rzxleTk",
    "title": "تکنولوژیساختموشکهایپرسونیکایران"
  },
  {
    "link": "https://ifilo.net/v/Wfecuio",
    "title": "تصاویرکمیابازقدرتپهبادیوموشکیایران"
  },
  {
    "link": "https://ifilo.net/v/eyuClTy",
    "title": "ممنوعیتهایوارداتتلفنهمراهبرداشتهشدهاست"
  },
  {
    "link": "https://ifilo.net/v/6T1SXz0",
    "title": "اگربهFATFبپیوندیمفاجعهایمثلپیجرهادرایرانرخمیدهد"
  },
  {
    "link": "https://ifilo.net/v/HgfTy4G",
    "title": "مردمنونندارنبخورنسراناصلاحاتفکرقروفرن!"
  },
  {
    "link": "https://ifilo.net/v/HfaEahl",
    "title": "قدرتپهبادیایرانوغنیسازینطنز"
  },
  {
    "link": "https://ifilo.net/v/63LUjwJ",
    "title": "قدرتامامزمانروحیفداهاستادسیدمهدیفقیهامامی"
  },
  {
    "link": "https://ifilo.net/v/TFzQyVw",
    "title": "سامانهباور373ایراندومینسامانهبرتردنیا"
  },
  {
    "link": "https://ifilo.net/v/PxiHBZZ",
    "title": "تصاویردیدهنشدهازاحظهاصابتموشکبرپایگاهنواتیموتلنوف"
  },
  {
    "link": "https://ifilo.net/v/yeBgFvf",
    "title": "بهمردمروسیهمیگنایراندارهشمارومیدوشه"
  },
  {
    "link": "https://ifilo.net/v/a3vBnMc",
    "title": "اطلاعاتمحرمانهازپدافندایراندرمقابلحملاتاسراییل"
  },
  {
    "link": "https://ifilo.net/v/dsDkMSS",
    "title": "تصاویرکمتردیدهشدهازقدرتارتشچین2024"
  },
  {
    "link": "https://ifilo.net/v/tC5r693",
    "title": "تصاویرکمتردیدهشدهازقدرتارتشروسیهوچین"
  },
  {
    "link": "https://ifilo.net/v/906GXJ1",
    "title": "قدرتموشکیروسیهارزیابیوتحلیل"
  },
  {
    "link": "https://ifilo.net/v/J9llsew",
    "title": "رزمایشایرانوقدرتدفاعیتصاویرکمتردیدهشده"
  },
  {
    "link": "https://ifilo.net/v/paDtVaK",
    "title": "جاسوسیویکیپدیاتوسطخودمردم"
  },
  {
    "link": "https://ifilo.net/v/5AU8ZZl",
    "title": "قدرتموشکیایرانچقدراست"
  },
  {
    "link": "https://ifilo.net/v/xVH6pHS",
    "title": "حملهایراناغازمیشودوعدهصادق3"
  },
  {
    "link": "https://ifilo.net/v/3UI6DKj",
    "title": "تحلیلاتفاقاتمنطقهوحملهایرانوعدهصادق3"
  },
  {
    "link": "https://ifilo.net/v/VfWHZA6",
    "title": "🚫ایننمیشوددمازانقلاببزنیدولیفتنهگرانراحمایتکنید،اینپدیدهزشتیاست"
  },
  {
    "link": "https://ifilo.net/v/zhrc6pD",
    "title": "جزییاتتروراسماعیلهنیهفاششد"
  },
  {
    "link": "https://ifilo.net/v/HmC2Ygg",
    "title": "دلیلتعددامامزادگانِایرانواینکهچرابایدتعظیمواحترامشوند"
  },
  {
    "link": "https://ifilo.net/v/m1WhNe6",
    "title": "هریکغذاییکهدرعیدغدیربدیدمعادلغذادادنبهدهتایکصدهزار(یکمیلیون)پیغمبراست."
  },
  {
    "link": "https://ifilo.net/v/fP7ATPV",
    "title": "استتارافغانهابرایورودبهترکیه"
  },
  {
    "link": "https://ifilo.net/v/8aioaz6",
    "title": "حملهپیشدستانهایرانبهدیگوگارسیا"
  },
  {
    "link": "https://ifilo.net/v/Ju4KCMa",
    "title": "چراعرفهازکلماهرمضان،قدرتشبیشتره؟"
  },
  {
    "link": "https://ifilo.net/v/24UerSe",
    "title": "حملهسگهابهپستچیهادرآمریکاسالگذشتهبهبیشاز۶۰۰۰موردرسید"
  },
  {
    "link": "https://ifilo.net/v/Ju4AN5B",
    "title": "ماموریتبهخاطرشاناانجامشد"
  },
  {
    "link": "https://ifilo.net/v/454DNp6",
    "title": "حملهنیروهایرژیمصهیونیستیبهزائرانفلسطینیحج"
  },
  {
    "link": "https://ifilo.net/v/JoS4JBt",
    "title": "فیناللیگقهرماناناروپا۲۰۲۵"
  },
  {
    "link": "https://ifilo.net/v/fypSnVA",
    "title": "پایانگروگانگيريدرلنگرودبامرگگروگانگير"
  },
  {
    "link": "https://ifilo.net/v/n0bB2yD",
    "title": "باشگاهپرسپولیسقراردادعلیرضاعنایتزاده"
  }
]