link,title
https://ifilo.net/v/zzzgQqg,نبرد تایتانها فصل ۴ قسمت ۱۶
https://ifilo.net/v/zzzShxN,انیمه سندرم بلوغ قسمت 3 با زیرنویس چسپیده
https://ifilo.net/v/zzz2o71,کارتون جدید سگهای نگهبان - دانلود انیمیشن سگ های نگهبان - سگ نگهبان
https://ifilo.net/v/zzygTpv,کارتون اسپایدی و دوستان شگفت انگیز - قسمت پنجم
https://ifilo.net/v/zzyciDV,دانلود انیمیشن The Boss Baby 2 2021 با لینک مستقیم
https://ifilo.net/v/zzxUoxc,🤩انیمیشن:پلنگ صورتی قسمت ۱۵از ۱۲۴_زبان:بی کلام😍
https://ifilo.net/v/zzvkFZ3,انیمیشن جدید پلنگ صورتی
https://ifilo.net/v/zzvfy2E,انیمیشن بابا لنگ دراز Daddy Long Legs 1990 | قسمت 11
https://ifilo.net/v/zzvDaGy,کارتون داستان های انشرلی قسمت ۱۳ بیا برم گردش
https://ifilo.net/v/zzuxYXp,کارتون پلنگ صورتی قسمت دوازدهم
https://ifilo.net/v/zzur2fO,کارتون باب اسفنجی تفریح
https://ifilo.net/v/zzuVyyo,داستان جذاب ولاد و نیکی- یادگیری عادات خوب در قالب بازی - ولاد نیکیتا طولانی
https://ifilo.net/v/zzuG1O7,کارتون لاک پشت های نینجا با دوبله فارسی قسمت ۱۰ فصل ۷
https://ifilo.net/v/zzuBrvs,"ارتون تام و جری با داستان "" مکانیزه شدن"""
https://ifilo.net/v/zztzjPG,ناستیا و باباش سرسره آبی
https://ifilo.net/v/zzsaE7M,کارتون ماجراجویی در پاریس - فصل ۳ قسمت ۴
https://ifilo.net/v/zzrsTS3,کارتون پهلوانان قسمت 51 فصل 4
https://ifilo.net/v/zzpSvYI,انیمیشن دختر کفشدوزکی  « گربه مقلد »
https://ifilo.net/v/zzpITHE,خانواده پوچز بهترین هدیه
https://ifilo.net/v/zzp588X,انیمیشن بتمن Batman: The Doom That Came to Gotham 2023 WEB-DL
https://ifilo.net/v/zzlnXDx,ریک و مورتی{فصل 1قسمت11} (دوبله سورن)
https://ifilo.net/v/zzl7XWt,انیمه Arifureta فصل 2 قسمت 8 زیرنویس فارسی
https://ifilo.net/v/zzkyuE3,آموزش ساخت اسلایم | اسلایم بازی کودکانه | اسلایم اسمر | اسلایم آرامش بخش | اسلایم جدید قسمت 4071
https://ifilo.net/v/zzkg4Fy,انیمیشن داستان های داک دوبله فارسی قسمت 18
https://ifilo.net/v/zzkMw5F,انیمیشن سریالی کامیون زباله دوبله فصل 2 قسمت 11
https://ifilo.net/v/zzjlCzT,سریال انیمیشن سوسک رباتی فصل اول دوبله فارسی قسمت 02
https://ifilo.net/v/zzjhWuG,سریال انیمیشن کمدی پلنگ صورتی قسمت 63
https://ifilo.net/v/zzjXxdh,کارتون آموزش زبان انگلیسی یادگیری رنگ ها
https://ifilo.net/v/zzjPW47,انیمه هنر شمشیر زنی انلاین فصل 3 قسمت 7 با زیرنویس فارسی
https://ifilo.net/v/zzjDdmJ,کارتون گربه سگ (دوبله فارسی) | فصل اول | قسمت36
https://ifilo.net/v/zzj3eEq,حیوانات باغ وحش، ارواح و هیولاهای ترسناک برای بچه ها
https://ifilo.net/v/zziDWv0,کارتون پت و مت* کیفیت عالی* قسمت سی و دوم
https://ifilo.net/v/zzi9Zmo,انیمیشن دختر کفشدوزکی و پسر گربه ای فصل 2 قسمت 26 دوبله فارسی
https://ifilo.net/v/zzhqiEy,انیمیشن ماجراجویی در پاریس فصل اول قسمت چهارم
https://ifilo.net/v/zzhgnUK,کارتون باب اسفنجی فصل ۱۳ قسمت ۲۵ دوبله فارسی
https://ifilo.net/v/zzhWnIE,انیمیشن جدید ماوکا ملودی جنگل
https://ifilo.net/v/zzhA9Qt,انیمیشن دختر کفشدوزکی Miraculous ؛فصل ۲ قسمت۸.
https://ifilo.net/v/zzfTirt,سینمایی انیمیشن ارویگ و جادوگر
https://ifilo.net/v/zzerw1Z,تست خوراکی های خارجی؛ از خیارشور آمریکایی تا اسپری ترشک🥵🤯
https://ifilo.net/v/zzdnLNc,انیمیشن غم انگیز برای وضعیت آب و هوای تهران
https://ifilo.net/v/zzdcTa2,کارتون ناستیا و استیسی جدید / ناستیا شو / ناستیا و بابایی / ناستیا
https://ifilo.net/v/zzcXhua,دانلود پت و مت دوبله فارسی - کارتون پت و مت جدید فیلو فیلم 50
https://ifilo.net/v/zzcQCPI,انیمیشن بابسفنجی/بابسفنجی ۱۳
https://ifilo.net/v/zzcQ4sz,کارتون سگ های نگهبان قسمت 3 دوبله فارسی
https://ifilo.net/v/zzc3PIX,کارتون  پلنگ صورتی - پلنگ صورتی جدید - کارتون و انیمیشن
https://ifilo.net/v/zzc1cc8,سریال انیمیشن فصل شکار بازگشت به طبعیت فصل اول دوبله فارسی قسمت 19
https://ifilo.net/v/zzavafp,انیمیشن بچه رییس فصل چهارم قسمت هشتم
https://ifilo.net/v/zzacvw1,انیمیشن سیب و پیاز قسمت هشت
https://ifilo.net/v/zzacrIP,انیمه دکتر استون فصل ۱ قسمت ۷ دوبله فارسی
https://ifilo.net/v/zza3Ne4,ولاد و نیکی کریس جدید؛ برنامه کودک ولاد و نیکی ؛ ولاد و نیکیتا جدید ؛ ولاد نیکی
https://ifilo.net/v/zzZa2TZ,انیمیشن سینمایی دوبله فارسی ( بیلی اردکه ) ۲۰۰۱ کمدی هیجانی ماجراجویی خانوادگی
https://ifilo.net/v/zzZKYfL,کارتون/ تایتان ها به پیش/ تیتان های نوجوان/ انیمیشن/ تایتان های نوجوان /
https://ifilo.net/v/zzZ3bfG,کارتون بچه رئیس: بازگشت به کار فصل 3 قسمت 4
https://ifilo.net/v/zzYzGAL,34. انیمیشن جذاب وپرطرفدارباب اسفنجی قسمت
https://ifilo.net/v/zzYwekB,کارتون باب اسفنجی | رستوران باب اسفنجی
https://ifilo.net/v/zzYw1X1,سریال آرکین قسمت سوم
https://ifilo.net/v/zzYcpB9,کارتون خنده دار / بوبا ( BOOBA) / قسمت 76
https://ifilo.net/v/zzXE18R,برنامه کودک دیانا و روما _کریسمس نزدیک است_ دایانا و روما جدید _
https://ifilo.net/v/zzWrnSj,چالش غذا خوری دونا انگلیش فروشگاه نودل سوسیس
https://ifilo.net/v/zzWgX5f,داستان های میمون بامزه _ کارتون بچه میمون _ میمون باهوش _ بچه میمون _ طنز میمون
https://ifilo.net/v/zzWQe8E,انیمیشن لاک پشت های نینجا ۲۰۱۲ فصل ۵ قسمت ۷ دوبله فارسی
https://ifilo.net/v/zzUnRZA,انیمه وان پیس قسمت420 دوبله فارسی
https://ifilo.net/v/zzUhQso,کارتون تام و جری جدید - انیمیشن موش و گربه فصل دوم قسمت نوزدهم
https://ifilo.net/v/zzU6ykJ,انیمیشن سگهای نگهبان _سگهای نگهبان دوبله فارسی-سگهای نگهبان-کارتون سگهای نگهبان
https://ifilo.net/v/zzThvx2,کارتون باب اسفنجی / انیمیشن باب اسفنجی / باب اسفنجی دوبله فارسی
https://ifilo.net/v/zzT5kDT,قسمت ۶۰ باب اسفنجی. فالو = فالو
https://ifilo.net/v/zzT1TPG,برنامه کودک دیانا و روما - دیانا و روما از جشنواره اسباب بازی بازدید کردند
https://ifilo.net/v/zzT0YCX,دیانا و روما چالش رنگ صورتی در مقابل مشکی
https://ifilo.net/v/zzSznWW,کارتون اسم رمز: بچه های همسایه Codename: Kids Next Door | فصل 1 | قسمت 6
https://ifilo.net/v/zzScwTj,دانلود رایگان هارلی کوئین اکشن، کمدی، ماجرایی، معمایی، جنایی، تخیلی قسمت نهم
https://ifilo.net/v/zzSCXoz,انیمیشن و برنامه کودک ساشا و اتنا
https://ifilo.net/v/zzRw13T,کارتون باب اسفنجی دوبله فارسی _ انیمیشن باب اسفنجی جدید دوبله فارسی
https://ifilo.net/v/zzRVizY,انیمه وان پیس قسمت ۱۰۷۰ زیرنویس فارسی
https://ifilo.net/v/zzPnOW1,انیمیشن اسکردی سنجابه قسمت 21 فصل 1 دوبله فارسی
https://ifilo.net/v/zzPmIX9,انیمه خون آشام در باغ قسمت سوم فصل اول
https://ifilo.net/v/zzPfDS9,انیمیشن پهلوانان فصل اول قسمت هشتم
https://ifilo.net/v/zzPTOsZ,انیمه Blue Lock ( قفل آبی ) فصل ۱ قسمت ۳ دوبله فارسی
https://ifilo.net/v/zzODOf8,دانلود کارتون | تام و جری قسمت 65 اردک
https://ifilo.net/v/zzLad3C,باب اسفنجی کارتون خنده دار/ باب اسفنجی دوبله فارسی/انیمیشن باب اسفنجی
https://ifilo.net/v/zzL2Qow,کارتون اودی دی بودز / فلورانس نیوتینگل
https://ifilo.net/v/zzKquFw,انیمیشن میگ میگ قسمت28
https://ifilo.net/v/zzKL27r,انیمه مرد اره ای (Chainsaw man) قسمت ۷ دوبله فارسی
https://ifilo.net/v/zzJp6X5,کارتون آواتار فصل 1 قسمت 2 دوبله فارسی
https://ifilo.net/v/zzJUvAB,🎦 انیمیشن: جنگ ستارگان _ ماجراجویی های جدای جوان 💠فصل:۱ قسمت: ۷دوبله فارسی سان
https://ifilo.net/v/zzJ871D,برنامه کودک ناستیا رفتار درست بعد از اشتباه
https://ifilo.net/v/zzIeVEM,دیانا و روما قسمت اول
https://ifilo.net/v/zzIE63A,فیلم و کارتون باب اسفنجی شلوار مکعبی کارتون باب اسفنجی دوبله فارسی باب اسفنجی
https://ifilo.net/v/zzHrABL,انیمیشن امیر ارسلان نامدار فصل ۱ قسمت ۱۲ دوبله فارسی
https://ifilo.net/v/zzHcuLO,فصل 4 بچه رئیس: بازگشت به کار (زبان اصلی) قسمت 4
https://ifilo.net/v/zzHYpPc,کارتون سفید برفی و هفت کوتوله دوبله فارسی
https://ifilo.net/v/zzHCmFn,انیمشن تام سخنگو و دوستان دوبله فارسی
https://ifilo.net/v/zzH31uR,کارتون این داستان آشپزی
https://ifilo.net/v/zzGDe9W,انیمیشن زیبای کیت و میم میم دوبله فارسی قسمت 4
https://ifilo.net/v/zzG2tDU,فیلم و کارتون و انیمیشن باب اسفنجی / پاتریک / آقای خرچنگ قسمت 11 .
https://ifilo.net/v/zzFYTVC,دانلود انیمیشن سگهای نگهبان - سگهای نگهبان جدید
https://ifilo.net/v/zzFVGeE,قسمت اول ناروتو شیپودن دوبله فارسی فصل یازدهم
https://ifilo.net/v/zzEvAR7,ماجرای اقا خرسه و خانم خرسه
https://ifilo.net/v/zzDT7bx,انیمیشن نجات بیکینی باتم Saving Bikini Bottom 2024
https://ifilo.net/v/zzDJKSC,انیمیشن درون و بیرون 2  Inside Out 2 2024
https://ifilo.net/v/zzDFxuY,دانلود انیمیشن باب اسفنجی خوش خنده
