[
  {
    "link": "https://ifilo.net/v/zzzgQqg",
    "title": "نبردتایتانهافصل۴قسمت۱۶"
  },
  {
    "link": "https://ifilo.net/v/zzzShxN",
    "title": "انیمهسندرمبلوغقسمت3بازیرنویسچسپیده"
  },
  {
    "link": "https://ifilo.net/v/zzz2o71",
    "title": "کارتونجدیدسگهاینگهبان-دانلودانیمیشنسگهاینگهبان-سگنگهبان"
  },
  {
    "link": "https://ifilo.net/v/zzygTpv",
    "title": "کارتوناسپایدیودوستانشگفتانگیز-قسمتپنجم"
  },
  {
    "link": "https://ifilo.net/v/zzyciDV",
    "title": "دانلودانیمیشنTheBossBaby22021بالینکمستقیم"
  },
  {
    "link": "https://ifilo.net/v/zzxUoxc",
    "title": "🤩انیمیشن:پلنگصورتیقسمت۱۵از۱۲۴_زبان:بیکلام😍"
  },
  {
    "link": "https://ifilo.net/v/zzvkFZ3",
    "title": "انیمیشنجدیدپلنگصورتی"
  },
  {
    "link": "https://ifilo.net/v/zzvfy2E",
    "title": "انیمیشنبابالنگدرازDaddyLongLegs1990|قسمت11"
  },
  {
    "link": "https://ifilo.net/v/zzvDaGy",
    "title": "کارتونداستانهایانشرلیقسمت۱۳بیابرمگردش"
  },
  {
    "link": "https://ifilo.net/v/zzuxYXp",
    "title": "کارتونپلنگصورتیقسمتدوازدهم"
  },
  {
    "link": "https://ifilo.net/v/zzur2fO",
    "title": "کارتونباباسفنجیتفریح"
  },
  {
    "link": "https://ifilo.net/v/zzuVyyo",
    "title": "داستانجذابولادونیکی-یادگیریعاداتخوبدرقالببازی-ولادنیکیتاطولانی"
  },
  {
    "link": "https://ifilo.net/v/zzuG1O7",
    "title": "کارتونلاکپشتهاینینجابادوبلهفارسیقسمت۱۰فصل۷"
  },
  {
    "link": "https://ifilo.net/v/zzuBrvs",
    "title": "ارتونتاموجریباداستان\"مکانیزهشدن\""
  },
  {
    "link": "https://ifilo.net/v/zztzjPG",
    "title": "ناستیاوباباشسرسرهآبی"
  },
  {
    "link": "https://ifilo.net/v/zzsaE7M",
    "title": "کارتونماجراجوییدرپاریس-فصل۳قسمت۴"
  },
  {
    "link": "https://ifilo.net/v/zzrsTS3",
    "title": "کارتونپهلوانانقسمت51فصل4"
  },
  {
    "link": "https://ifilo.net/v/zzpSvYI",
    "title": "انیمیشندخترکفشدوزکی«گربهمقلد»"
  },
  {
    "link": "https://ifilo.net/v/zzpITHE",
    "title": "خانوادهپوچزبهترینهدیه"
  },
  {
    "link": "https://ifilo.net/v/zzp588X",
    "title": "انیمیشنبتمنBatman:TheDoomThatCametoGotham2023WEB-DL"
  },
  {
    "link": "https://ifilo.net/v/zzlnXDx",
    "title": "ریکومورتی{فصل1قسمت11}(دوبلهسورن)"
  },
  {
    "link": "https://ifilo.net/v/zzl7XWt",
    "title": "انیمهArifuretaفصل2قسمت8زیرنویسفارسی"
  },
  {
    "link": "https://ifilo.net/v/zzkyuE3",
    "title": "آموزشساختاسلایم|اسلایمبازیکودکانه|اسلایماسمر|اسلایمآرامشبخش|اسلایمجدیدقسمت4071"
  },
  {
    "link": "https://ifilo.net/v/zzkg4Fy",
    "title": "انیمیشنداستانهایداکدوبلهفارسیقسمت18"
  },
  {
    "link": "https://ifilo.net/v/zzkMw5F",
    "title": "انیمیشنسریالیکامیونزبالهدوبلهفصل2قسمت11"
  },
  {
    "link": "https://ifilo.net/v/zzjlCzT",
    "title": "سریالانیمیشنسوسکرباتیفصلاولدوبلهفارسیقسمت02"
  },
  {
    "link": "https://ifilo.net/v/zzjhWuG",
    "title": "سریالانیمیشنکمدیپلنگصورتیقسمت63"
  },
  {
    "link": "https://ifilo.net/v/zzjXxdh",
    "title": "کارتونآموزشزبانانگلیسییادگیریرنگها"
  },
  {
    "link": "https://ifilo.net/v/zzjPW47",
    "title": "انیمههنرشمشیرزنیانلاینفصل3قسمت7بازیرنویسفارسی"
  },
  {
    "link": "https://ifilo.net/v/zzjDdmJ",
    "title": "کارتونگربهسگ(دوبلهفارسی)|فصلاول|قسمت36"
  },
  {
    "link": "https://ifilo.net/v/zzj3eEq",
    "title": "حیواناتباغوحش،ارواحوهیولاهایترسناکبرایبچهها"
  },
  {
    "link": "https://ifilo.net/v/zziDWv0",
    "title": "کارتونپتومت*کیفیتعالی*قسمتسیودوم"
  },
  {
    "link": "https://ifilo.net/v/zzi9Zmo",
    "title": "انیمیشندخترکفشدوزکیوپسرگربهایفصل2قسمت26دوبلهفارسی"
  },
  {
    "link": "https://ifilo.net/v/zzhqiEy",
    "title": "انیمیشنماجراجوییدرپاریسفصلاولقسمتچهارم"
  },
  {
    "link": "https://ifilo.net/v/zzhgnUK",
    "title": "کارتونباباسفنجیفصل۱۳قسمت۲۵دوبلهفارسی"
  },
  {
    "link": "https://ifilo.net/v/zzhWnIE",
    "title": "انیمیشنجدیدماوکاملودیجنگل"
  },
  {
    "link": "https://ifilo.net/v/zzhA9Qt",
    "title": "انیمیشندخترکفشدوزکیMiraculous؛فصل۲قسمت۸."
  },
  {
    "link": "https://ifilo.net/v/zzfTirt",
    "title": "سینماییانیمیشنارویگوجادوگر"
  },
  {
    "link": "https://ifilo.net/v/zzerw1Z",
    "title": "تستخوراکیهایخارجی؛ازخیارشورآمریکاییتااسپریترشک🥵🤯"
  },
  {
    "link": "https://ifilo.net/v/zzdnLNc",
    "title": "انیمیشنغمانگیزبرایوضعیتآبوهوایتهران"
  },
  {
    "link": "https://ifilo.net/v/zzdcTa2",
    "title": "کارتونناستیاواستیسیجدید/ناستیاشو/ناستیاوبابایی/ناستیا"
  },
  {
    "link": "https://ifilo.net/v/zzcXhua",
    "title": "دانلودپتومتدوبلهفارسی-کارتونپتومتجدیدفیلوفیلم50"
  },
  {
    "link": "https://ifilo.net/v/zzcQCPI",
    "title": "انیمیشنبابسفنجی/بابسفنجی۱۳"
  },
  {
    "link": "https://ifilo.net/v/zzcQ4sz",
    "title": "کارتونسگهاینگهبانقسمت3دوبلهفارسی"
  },
  {
    "link": "https://ifilo.net/v/zzc3PIX",
    "title": "کارتونپلنگصورتی-پلنگصورتیجدید-کارتونوانیمیشن"
  },
  {
    "link": "https://ifilo.net/v/zzc1cc8",
    "title": "سریالانیمیشنفصلشکاربازگشتبهطبعیتفصلاولدوبلهفارسیقسمت19"
  },
  {
    "link": "https://ifilo.net/v/zzavafp",
    "title": "انیمیشنبچهرییسفصلچهارمقسمتهشتم"
  },
  {
    "link": "https://ifilo.net/v/zzacvw1",
    "title": "انیمیشنسیبوپیازقسمتهشت"
  },
  {
    "link": "https://ifilo.net/v/zzacrIP",
    "title": "انیمهدکتراستونفصل۱قسمت۷دوبلهفارسی"
  },
  {
    "link": "https://ifilo.net/v/zza3Ne4",
    "title": "ولادونیکیکریسجدید؛برنامهکودکولادونیکی؛ولادونیکیتاجدید؛ولادنیکی"
  },
  {
    "link": "https://ifilo.net/v/zzZa2TZ",
    "title": "انیمیشنسینماییدوبلهفارسی(بیلیاردکه)۲۰۰۱کمدیهیجانیماجراجوییخانوادگی"
  },
  {
    "link": "https://ifilo.net/v/zzZKYfL",
    "title": "کارتون/تایتانهابهپیش/تیتانهاینوجوان/انیمیشن/تایتانهاینوجوان/"
  },
  {
    "link": "https://ifilo.net/v/zzZ3bfG",
    "title": "کارتونبچهرئیس:بازگشتبهکارفصل3قسمت4"
  },
  {
    "link": "https://ifilo.net/v/zzYzGAL",
    "title": "34.انیمیشنجذابوپرطرفدارباباسفنجیقسمت"
  },
  {
    "link": "https://ifilo.net/v/zzYwekB",
    "title": "کارتونباباسفنجی|رستورانباباسفنجی"
  },
  {
    "link": "https://ifilo.net/v/zzYw1X1",
    "title": "سریالآرکینقسمتسوم"
  },
  {
    "link": "https://ifilo.net/v/zzYcpB9",
    "title": "کارتونخندهدار/بوبا(BOOBA)/قسمت76"
  },
  {
    "link": "https://ifilo.net/v/zzXE18R",
    "title": "برنامهکودکدیاناوروما_کریسمسنزدیکاست_دایاناوروماجدید_"
  },
  {
    "link": "https://ifilo.net/v/zzWrnSj",
    "title": "چالشغذاخوریدوناانگلیشفروشگاهنودلسوسیس"
  },
  {
    "link": "https://ifilo.net/v/zzWgX5f",
    "title": "داستانهایمیمونبامزه_کارتونبچهمیمون_میمونباهوش_بچهمیمون_طنزمیمون"
  },
  {
    "link": "https://ifilo.net/v/zzWQe8E",
    "title": "انیمیشنلاکپشتهاینینجا۲۰۱۲فصل۵قسمت۷دوبلهفارسی"
  },
  {
    "link": "https://ifilo.net/v/zzUnRZA",
    "title": "انیمهوانپیسقسمت420دوبلهفارسی"
  },
  {
    "link": "https://ifilo.net/v/zzUhQso",
    "title": "کارتونتاموجریجدید-انیمیشنموشوگربهفصلدومقسمتنوزدهم"
  },
  {
    "link": "https://ifilo.net/v/zzU6ykJ",
    "title": "انیمیشنسگهاینگهبان_سگهاینگهباندوبلهفارسی-سگهاینگهبان-کارتونسگهاینگهبان"
  },
  {
    "link": "https://ifilo.net/v/zzThvx2",
    "title": "کارتونباباسفنجی/انیمیشنباباسفنجی/باباسفنجیدوبلهفارسی"
  },
  {
    "link": "https://ifilo.net/v/zzT5kDT",
    "title": "قسمت۶۰باباسفنجی.فالو=فالو"
  },
  {
    "link": "https://ifilo.net/v/zzT1TPG",
    "title": "برنامهکودکدیاناوروما-دیاناوروماازجشنوارهاسباببازیبازدیدکردند"
  },
  {
    "link": "https://ifilo.net/v/zzT0YCX",
    "title": "دیاناوروماچالشرنگصورتیدرمقابلمشکی"
  },
  {
    "link": "https://ifilo.net/v/zzSznWW",
    "title": "کارتوناسمرمز:بچههایهمسایهCodename:KidsNextDoor|فصل1|قسمت6"
  },
  {
    "link": "https://ifilo.net/v/zzScwTj",
    "title": "دانلودرایگانهارلیکوئیناکشن،کمدی،ماجرایی،معمایی،جنایی،تخیلیقسمتنهم"
  },
  {
    "link": "https://ifilo.net/v/zzSCXoz",
    "title": "انیمیشنوبرنامهکودکساشاواتنا"
  },
  {
    "link": "https://ifilo.net/v/zzRw13T",
    "title": "کارتونباباسفنجیدوبلهفارسی_انیمیشنباباسفنجیجدیددوبلهفارسی"
  },
  {
    "link": "https://ifilo.net/v/zzRVizY",
    "title": "انیمهوانپیسقسمت۱۰۷۰زیرنویسفارسی"
  },
  {
    "link": "https://ifilo.net/v/zzPnOW1",
    "title": "انیمیشناسکردیسنجابهقسمت21فصل1دوبلهفارسی"
  },
  {
    "link": "https://ifilo.net/v/zzPmIX9",
    "title": "انیمهخونآشامدرباغقسمتسومفصلاول"
  },
  {
    "link": "https://ifilo.net/v/zzPfDS9",
    "title": "انیمیشنپهلوانانفصلاولقسمتهشتم"
  },
  {
    "link": "https://ifilo.net/v/zzPTOsZ",
    "title": "انیمهBlueLock(قفلآبی)فصل۱قسمت۳دوبلهفارسی"
  },
  {
    "link": "https://ifilo.net/v/zzODOf8",
    "title": "دانلودکارتون|تاموجریقسمت65اردک"
  },
  {
    "link": "https://ifilo.net/v/zzLad3C",
    "title": "باباسفنجیکارتونخندهدار/باباسفنجیدوبلهفارسی/انیمیشنباباسفنجی"
  },
  {
    "link": "https://ifilo.net/v/zzL2Qow",
    "title": "کارتوناودیدیبودز/فلورانسنیوتینگل"
  },
  {
    "link": "https://ifilo.net/v/zzKquFw",
    "title": "انیمیشنمیگمیگقسمت28"
  },
  {
    "link": "https://ifilo.net/v/zzKL27r",
    "title": "انیمهمردارهای(Chainsawman)قسمت۷دوبلهفارسی"
  },
  {
    "link": "https://ifilo.net/v/zzJp6X5",
    "title": "کارتونآواتارفصل1قسمت2دوبلهفارسی"
  },
  {
    "link": "https://ifilo.net/v/zzJUvAB",
    "title": "🎦انیمیشن:جنگستارگان_ماجراجوییهایجدایجوان💠فصل:۱قسمت:۷دوبلهفارسیسان"
  },
  {
    "link": "https://ifilo.net/v/zzJ871D",
    "title": "برنامهکودکناستیارفتاردرستبعدازاشتباه"
  },
  {
    "link": "https://ifilo.net/v/zzIeVEM",
    "title": "دیاناوروماقسمتاول"
  },
  {
    "link": "https://ifilo.net/v/zzIE63A",
    "title": "فیلموکارتونباباسفنجیشلوارمکعبیکارتونباباسفنجیدوبلهفارسیباباسفنجی"
  },
  {
    "link": "https://ifilo.net/v/zzHrABL",
    "title": "انیمیشنامیرارسلاننامدارفصل۱قسمت۱۲دوبلهفارسی"
  },
  {
    "link": "https://ifilo.net/v/zzHcuLO",
    "title": "فصل4بچهرئیس:بازگشتبهکار(زباناصلی)قسمت4"
  },
  {
    "link": "https://ifilo.net/v/zzHYpPc",
    "title": "کارتونسفیدبرفیوهفتکوتولهدوبلهفارسی"
  },
  {
    "link": "https://ifilo.net/v/zzHCmFn",
    "title": "انیمشنتامسخنگوودوستاندوبلهفارسی"
  },
  {
    "link": "https://ifilo.net/v/zzH31uR",
    "title": "کارتوناینداستانآشپزی"
  },
  {
    "link": "https://ifilo.net/v/zzGDe9W",
    "title": "انیمیشنزیبایکیتومیممیمدوبلهفارسیقسمت4"
  },
  {
    "link": "https://ifilo.net/v/zzG2tDU",
    "title": "فیلموکارتونوانیمیشنباباسفنجی/پاتریک/آقایخرچنگقسمت11."
  },
  {
    "link": "https://ifilo.net/v/zzFYTVC",
    "title": "دانلودانیمیشنسگهاینگهبان-سگهاینگهبانجدید"
  },
  {
    "link": "https://ifilo.net/v/zzFVGeE",
    "title": "قسمتاولناروتوشیپودندوبلهفارسیفصلیازدهم"
  },
  {
    "link": "https://ifilo.net/v/zzEvAR7",
    "title": "ماجرایاقاخرسهوخانمخرسه"
  },
  {
    "link": "https://ifilo.net/v/zzDT7bx",
    "title": "انیمیشننجاتبیکینیباتمSavingBikiniBottom2024"
  },
  {
    "link": "https://ifilo.net/v/zzDJKSC",
    "title": "انیمیشندرونوبیرون2InsideOut22024"
  },
  {
    "link": "https://ifilo.net/v/zzDFxuY",
    "title": "دانلودانیمیشنباباسفنجیخوشخنده"
  }
]