link,title
https://ifilo.net/v/L34pKfx,آموزش ساخت اسلایم | اسلایم بازی کودکانه | اسلایم اسمر | اسلایم آرامش بخش | اسلایم جدید قسمت 5732
https://ifilo.net/v/YK57PmK,آموزش ساخت اسلایم | اسلایم بازی کودکانه | اسلایم اسمر | اسلایم آرامش بخش | اسلایم جدید قسمت 5731
https://ifilo.net/v/UApCq7M,آموزش ساخت اسلایم | اسلایم بازی کودکانه | اسلایم اسمر | اسلایم آرامش بخش | اسلایم جدید قسمت 5730
https://ifilo.net/v/N8BepBa,آموزش ساخت اسلایم | اسلایم بازی کودکانه | اسلایم اسمر | اسلایم آرامش بخش | اسلایم جدید قسمت 5729
https://ifilo.net/v/6l19ITE,حاصل 3 دقیقه ادیت /ساخت خودم
https://ifilo.net/v/IXW3EyM,گیم پلی بازی اسمش هیت(پارت اول)
https://ifilo.net/v/sDaAgh3,علی ایکس شات(جدید)مرگ لامار
https://ifilo.net/v/7RLuy8W,احمدرکسا(جدید)خونه فرانکلین روتبدیل ب استادیوم فوتبالی کردیم
https://ifilo.net/v/bJGzaAg,ختن(جدید)۲۴ساعت زندگی کردن بادست شانسی
https://ifilo.net/v/yUW3q4P,فاتینا(جدید)یه عروسک شبیه آنابل پیداکردیم ولی فرق داشت
https://ifilo.net/v/HSqMOUz,شبنم(جدید)طلسم بین من وبرادرم گیرکرده یکی بایدانتخاببشه
https://ifilo.net/v/c3Uh3Rt,سیسترلی(جدید)هیچوقت۳شب دررابرای کسی بازنکن
https://ifilo.net/v/QFXBl6R,علی ایکس شات/خونه فرانکلین تبدیل ب گیم نت کردیم
https://ifilo.net/v/9vk6l7U,سیسترلی/دردنیای واقعی بهم زنجیرشدیم
https://ifilo.net/v/5QdFoCH,کومان/خاطرات باشگاه رفتن وسختی تمرینات
https://ifilo.net/v/VimTxl0,استریم ماینکرافت / بیلدکرافت درگیری با لشگر موب ها
https://ifilo.net/v/FNN5AHz,بازی موبایلی آفلاین ⚔️(کامبت مستر)⚔️
https://ifilo.net/v/7YOoTxh,بازی  هایی که نباید شب بازی کرد! 🌙😱 مخصوص علاقه مندان ژانر ترس و معما
https://ifilo.net/v/QkV7rel,فری فایر سلطان.       ....
https://ifilo.net/v/hnp9Ww1,کالاف دیوتی سلطان
https://ifilo.net/v/C40l6WR,کالاف دوتی سلطان
https://ifilo.net/v/dWRLjAT,وقتی پل داغون ولی مجبوری رد بشی
https://ifilo.net/v/oOXc4MP,کالاف.        دیوتی.                  سلطان.
https://ifilo.net/v/h37nXfc,شبنم(جدید)شبح سرگردان درجنگل منتظرمن بود
https://ifilo.net/v/ES5Pr9D,فاتینا(جدید)فاتیناوسجادماشین اسپورت کردن
https://ifilo.net/v/xcPPoHB,ختن(جدید)یه بسته زندگی منوعوض کرد،توش موبایل بود
https://ifilo.net/v/YYApDoU,ختن(جدید)چمدان گمشده خانم پرستاری که رفته بودعروسی روخریدم
https://ifilo.net/v/KxLPQHm,ختن(جدید)عجیب ترین فیجت های ضددزدی روتست کردم
https://ifilo.net/v/6SDog4v,بازی ترسناک موبایل در جهان momo
https://ifilo.net/v/i2VpKcb,بازی مومو تعوری
https://ifilo.net/v/M7F8gTS,دومین مومو هرور
https://ifilo.net/v/h0xDSsn,اولین بازی مومو
https://ifilo.net/v/Ld8ikGM,مسابقه خفن Beast بخش 2-یکی باید خودش را فدای گروه کنه
https://ifilo.net/v/7ydoo6w,علی  ایکس شات(جدید)ماشین فوتبالیست هادزدیدم توجی تی ای
https://ifilo.net/v/kEoWqTf,شبنم(جدید)طلسم بین من ونیماگیرکرده بایدیگی انتخاب بشه
https://ifilo.net/v/G8Wk24q,سهیل سلبا(جدید)هربلایی خاست سرم اورد/آخرین حظوربانو
https://ifilo.net/v/1LFtoxL,آموزش ساخت اسلایم | اسلایم بازی کودکانه | اسلایم اسمر | اسلایم آرامش بخش | اسلایم جدید
https://ifilo.net/v/dmSxujX,آموزش ساخت اسلایم | اسلایم بازی کودکانه | اسلایم اسمر | اسلایم آرامش بخش | اسلایم جدید
https://ifilo.net/v/Kw3kcCC,آموزش ساخت اسلایم | اسلایم بازی کودکانه | اسلایم اسمر | اسلایم آرامش بخش | اسلایم جدید
https://ifilo.net/v/Ko6GF6J,احمدرکسا(جدید)شخصیت های جی تی ای۶روازنزدیک دیدم
https://ifilo.net/v/bvl859n,کیمدی ۲۰۲۵ هیروز
https://ifilo.net/v/SXPkQ9O,سیسترلی(جدید)۲۴ساعت خدمتکاردلوین شدیم
https://ifilo.net/v/a7PCYdZ,ویدئو جدید بازی mafia old country
https://ifilo.net/v/6vumPID,شبنم(جدید)طلسم بین من ونیماگیرکرده یکی بایدانتخاب بشه
https://ifilo.net/v/wVBuSla,آموزش ساخت اسلایم | اسلایم بازی کودکانه | اسلایم اسمر | اسلایم آرامش بخش | اسلایم جدید قسمت 5728
https://ifilo.net/v/w29tIkU,آموزش ساخت اسلایم | اسلایم بازی کودکانه | اسلایم اسمر | اسلایم آرامش بخش | اسلایم جدید قسمت 5727
https://ifilo.net/v/31MVy3C,آموزش ساخت اسلایم | اسلایم بازی کودکانه | اسلایم اسمر | اسلایم آرامش بخش | اسلایم جدید قسمت 5726
https://ifilo.net/v/UqrT2G2,آموزش ساخت اسلایم | اسلایم بازی کودکانه | اسلایم اسمر | اسلایم آرامش بخش | اسلایم جدید قسمت 5725
https://ifilo.net/v/CfvBfZ7,آموزش ساخت اسلایم | اسلایم بازی کودکانه | اسلایم اسمر | اسلایم آرامش بخش | اسلایم جدید قسمت 5724
https://ifilo.net/v/TvNwMgK,آموزش ساخت اسلایم | اسلایم بازی کودکانه | اسلایم اسمر | اسلایم آرامش بخش | اسلایم جدید قسمت 5723
https://ifilo.net/v/PDsliGi,آموزش ساخت اسلایم | اسلایم بازی کودکانه | اسلایم اسمر | اسلایم آرامش بخش | اسلایم جدید قسمت 5721
https://ifilo.net/v/bbtUp4M,آموزش ساخت اسلایم | اسلایم بازی کودکانه | اسلایم اسمر | اسلایم آرامش بخش | اسلایم جدید قسمت 5720
https://ifilo.net/v/vxzzvvw,آموزش ساخت اسلایم | اسلایم بازی کودکانه | اسلایم اسمر | اسلایم آرامش بخش | اسلایم جدید قسمت 5719
https://ifilo.net/v/gwnFuyZ,آموزش ساخت اسلایم | اسلایم بازی کودکانه | اسلایم اسمر | اسلایم آرامش بخش | اسلایم جدید قسمت 5718
https://ifilo.net/v/YMNAhXp,آموزش ساخت اسلایم | اسلایم بازی کودکانه | اسلایم اسمر | اسلایم آرامش بخش | اسلایم جدید قسمت 5717
https://ifilo.net/v/6muP825,آموزش ساخت اسلایم | اسلایم بازی کودکانه | اسلایم اسمر | اسلایم آرامش بخش | اسلایم جدید قسمت 5716
https://ifilo.net/v/P7MkAeW,آموزش ساخت اسلایم | اسلایم بازی کودکانه | اسلایم اسمر | اسلایم آرامش بخش | اسلایم جدید قسمت 5715
https://ifilo.net/v/cGxHTLc,آموزش ساخت اسلایم | اسلایم بازی کودکانه | اسلایم اسمر | اسلایم آرامش بخش | اسلایم جدید قسمت 5714
https://ifilo.net/v/UrwZSaf,آموزش ساخت اسلایم | اسلایم بازی کودکانه | اسلایم اسمر | اسلایم آرامش بخش | اسلایم جدید قسمت 5713
https://ifilo.net/v/5db2EoS,آموزش ساخت اسلایم | اسلایم بازی کودکانه | اسلایم اسمر | اسلایم آرامش بخش | اسلایم جدید قسمت 5712
https://ifilo.net/v/HltN4kq,آموزش ساخت اسلایم | اسلایم بازی کودکانه | اسلایم اسمر | اسلایم آرامش بخش | اسلایم جدید قسمت 5711
https://ifilo.net/v/MVOpkIw,آموزش ساخت اسلایم | اسلایم بازی کودکانه | اسلایم اسمر | اسلایم آرامش بخش | اسلایم جدید قسمت 5710
https://ifilo.net/v/gWL1joU,آموزش ساخت اسلایم | اسلایم بازی کودکانه | اسلایم اسمر | اسلایم آرامش بخش | اسلایم جدید قسمت 5709
https://ifilo.net/v/bhweLys,آموزش ساخت اسلایم | اسلایم بازی کودکانه | اسلایم اسمر | اسلایم آرامش بخش | اسلایم جدید قسمت 5708
https://ifilo.net/v/pDy0YUf,آموزش ساخت اسلایم | اسلایم بازی کودکانه | اسلایم اسمر | اسلایم آرامش بخش | اسلایم جدید قسمت 5707
https://ifilo.net/v/1mtkA07,آموزش ساخت اسلایم | اسلایم بازی کودکانه | اسلایم اسمر | اسلایم آرامش بخش | اسلایم جدید قسمت 5706
https://ifilo.net/v/Fm6IUYs,آموزش ساخت اسلایم | اسلایم بازی کودکانه | اسلایم اسمر | اسلایم آرامش بخش | اسلایم جدید قسمت 5705
https://ifilo.net/v/lSKuooE,آموزش ساخت اسلایم | اسلایم بازی کودکانه | اسلایم اسمر | اسلایم آرامش بخش | اسلایم جدید قسمت 5704
https://ifilo.net/v/D2YKGSu,آموزش ساخت اسلایم | اسلایم بازی کودکانه | اسلایم اسمر | اسلایم آرامش بخش | اسلایم جدید قسمت 5703
https://ifilo.net/v/HwURTnf,آموزش ساخت اسلایم | اسلایم بازی کودکانه | اسلایم اسمر | اسلایم آرامش بخش | اسلایم جدید قسمت 5702
https://ifilo.net/v/Bk747TG,آموزش ساخت اسلایم | اسلایم بازی کودکانه | اسلایم اسمر | اسلایم آرامش بخش | اسلایم جدید قسمت 5701
https://ifilo.net/v/qT0AQko,آموزش ساخت اسلایم | اسلایم بازی کودکانه | اسلایم اسمر | اسلایم آرامش بخش | اسلایم جدید قسمت 5700
https://ifilo.net/v/1brHXU1,آموزش ساخت اسلایم | اسلایم بازی کودکانه | اسلایم اسمر | اسلایم آرامش بخش | اسلایم جدید قسمت 5699
https://ifilo.net/v/v5N6lto,آموزش ساخت اسلایم | اسلایم بازی کودکانه | اسلایم اسمر | اسلایم آرامش بخش | اسلایم جدید قسمت 5698
https://ifilo.net/v/roUXIxr,آموزش ساخت اسلایم | اسلایم بازی کودکانه | اسلایم اسمر | اسلایم آرامش بخش | اسلایم جدید قسمت 5697
https://ifilo.net/v/wFVwWpO,آموزش ساخت اسلایم | اسلایم بازی کودکانه | اسلایم اسمر | اسلایم آرامش بخش | اسلایم جدید قسمت 5696
https://ifilo.net/v/09fWKdl,آموزش ساخت اسلایم | اسلایم بازی کودکانه | اسلایم اسمر | اسلایم آرامش بخش | اسلایم جدید قسمت 5695
https://ifilo.net/v/5nwbH5z,آموزش ساخت اسلایم | اسلایم بازی کودکانه | اسلایم اسمر | اسلایم آرامش بخش | اسلایم جدید قسمت 5694
https://ifilo.net/v/eCSazWn,آموزش ساخت اسلایم | اسلایم بازی کودکانه | اسلایم اسمر | اسلایم آرامش بخش | اسلایم جدید قسمت 5693
https://ifilo.net/v/sfYumLP,آموزش ساخت اسلایم | اسلایم بازی کودکانه | اسلایم اسمر | اسلایم آرامش بخش | اسلایم جدید قسمت 5692
https://ifilo.net/v/eqzqDLV,آموزش ساخت اسلایم | اسلایم بازی کودکانه | اسلایم اسمر | اسلایم آرامش بخش | اسلایم جدید قسمت 5691
https://ifilo.net/v/boLabFT,آموزش ساخت اسلایم | اسلایم بازی کودکانه | اسلایم اسمر | اسلایم آرامش بخش | اسلایم جدید قسمت 5690
https://ifilo.net/v/XmPyMzH,آموزش ساخت اسلایم | اسلایم بازی کودکانه | اسلایم اسمر | اسلایم آرامش بخش | اسلایم جدید قسمت 5689
https://ifilo.net/v/5y6WBAt,آموزش ساخت اسلایم | اسلایم بازی کودکانه | اسلایم اسمر | اسلایم آرامش بخش | اسلایم جدید قسمت 5688
https://ifilo.net/v/JwqRtNt,آموزش ساخت اسلایم | اسلایم بازی کودکانه | اسلایم اسمر | اسلایم آرامش بخش | اسلایم جدید قسمت 5687
https://ifilo.net/v/E1aS7ju,آموزش ساخت اسلایم | اسلایم بازی کودکانه | اسلایم اسمر | اسلایم آرامش بخش | اسلایم جدید قسمت 5686
https://ifilo.net/v/L5zCsxy,آموزش ساخت اسلایم | اسلایم بازی کودکانه | اسلایم اسمر | اسلایم آرامش بخش | اسلایم جدید قسمت 5685
https://ifilo.net/v/7ii01rF,آموزش ساخت اسلایم | اسلایم بازی کودکانه | اسلایم اسمر | اسلایم آرامش بخش | اسلایم جدید قسمت 5684
https://ifilo.net/v/3bGD6GK,آموزش ساخت اسلایم | اسلایم بازی کودکانه | اسلایم اسمر | اسلایم آرامش بخش | اسلایم جدید قسمت 5683
https://ifilo.net/v/dh9mF1T,آموزش ساخت اسلایم | اسلایم بازی کودکانه | اسلایم اسمر | اسلایم آرامش بخش | اسلایم جدید قسمت 5682
https://ifilo.net/v/OIvhnxx,آموزش ساخت اسلایم | اسلایم بازی کودکانه | اسلایم اسمر | اسلایم آرامش بخش | اسلایم جدید قسمت 5681
https://ifilo.net/v/HjAZ2pa,آموزش ساخت اسلایم | اسلایم بازی کودکانه | اسلایم اسمر | اسلایم آرامش بخش | اسلایم جدید قسمت 5680
https://ifilo.net/v/tmPENBX,آموزش ساخت اسلایم | اسلایم بازی کودکانه | اسلایم اسمر | اسلایم آرامش بخش | اسلایم جدید قسمت 5679
https://ifilo.net/v/AaAFkgr,دوبله فارسی از قسمت دوم هزبین هتل | هزبین هتل با دوبله فارسی | جتگ الستور
https://ifilo.net/v/iodHvGG,آموزش ساخت شمشیر آتشین در ماینکرافت / مانکرافت / بیلد کرافت
https://ifilo.net/v/f9Je0us,آموزش ساخت اسلایم | اسلایم بازی کودکانه | اسلایم اسمر | اسلایم آرامش بخش | اسلایم جدید قسمت 5678
https://ifilo.net/v/H9EKZut,آموزش ساخت اسلایم | اسلایم بازی کودکانه | اسلایم اسمر | اسلایم آرامش بخش | اسلایم جدید قسمت 5677
https://ifilo.net/v/UCDGkXe,آموزش ساخت اسلایم | اسلایم بازی کودکانه | اسلایم اسمر | اسلایم آرامش بخش | اسلایم جدید قسمت 5676
https://ifilo.net/v/w2kvq47,تست تصادف ۴۰۶ تو بازی
https://ifilo.net/v/Z56ZMnO,آموزش ساخت اسلایم | اسلایم بازی کودکانه | اسلایم اسمر | اسلایم آرامش بخش | اسلایم جدید قسمت 5675
