[
    {
        "link": "https://ifilo.net/v/YK57PmK",
        "title": "آموزشساختاسلایم|اسلایمبازیکودکانه|اسلایماسمر|اسلایمآرامشبخش|اسلایمجدیدقسمت5731"
    },
    {
        "link": "https://ifilo.net/v/UApCq7M",
        "title": "آموزشساختاسلایم|اسلایمبازیکودکانه|اسلایماسمر|اسلایمآرامشبخش|اسلایمجدیدقسمت5730"
    },
    {
        "link": "https://ifilo.net/v/N8BepBa",
        "title": "آموزشساختاسلایم|اسلایمبازیکودکانه|اسلایماسمر|اسلایمآرامشبخش|اسلایمجدیدقسمت5729"
    },
    {
        "link": "https://ifilo.net/v/6l19ITE",
        "title": "حاصل3دقیقهادیت/ساختخودم"
    },
    {
        "link": "https://ifilo.net/v/IXW3EyM",
        "title": "گیمپلیبازیاسمشهیت(پارتاول)"
    },
    {
        "link": "https://ifilo.net/v/sDaAgh3",
        "title": "علیایکسشات(جدید)مرگلامار"
    },
    {
        "link": "https://ifilo.net/v/7RLuy8W",
        "title": "احمدرکسا(جدید)خونهفرانکلینروتبدیلباستادیومفوتبالیکردیم"
    },
    {
        "link": "https://ifilo.net/v/bJGzaAg",
        "title": "ختن(جدید)۲۴ساعتزندگیکردنبادستشانسی"
    },
    {
        "link": "https://ifilo.net/v/yUW3q4P",
        "title": "فاتینا(جدید)یهعروسکشبیهآنابلپیداکردیمولیفرقداشت"
    },
    {
        "link": "https://ifilo.net/v/HSqMOUz",
        "title": "شبنم(جدید)طلسمبینمنوبرادرمگیرکردهیکیبایدانتخاببشه"
    },
    {
        "link": "https://ifilo.net/v/c3Uh3Rt",
        "title": "سیسترلی(جدید)هیچوقت۳شبدررابرایکسیبازنکن"
    },
    {
        "link": "https://ifilo.net/v/QFXBl6R",
        "title": "علیایکسشات/خونهفرانکلینتبدیلبگیمنتکردیم"
    },
    {
        "link": "https://ifilo.net/v/9vk6l7U",
        "title": "سیسترلی/دردنیایواقعیبهمزنجیرشدیم"
    },
    {
        "link": "https://ifilo.net/v/5QdFoCH",
        "title": "کومان/خاطراتباشگاهرفتنوسختیتمرینات"
    },
    {
        "link": "https://ifilo.net/v/VimTxl0",
        "title": "استریمماینکرافت/بیلدکرافتدرگیریبالشگرموبها"
    },
    {
        "link": "https://ifilo.net/v/FNN5AHz",
        "title": "بازیموبایلیآفلاین⚔️(کامبتمستر)⚔️"
    },
    {
        "link": "https://ifilo.net/v/7YOoTxh",
        "title": "بازیهاییکهنبایدشببازیکرد!🌙😱مخصوصعلاقهمندانژانرترسومعما"
    },
    {
        "link": "https://ifilo.net/v/QkV7rel",
        "title": "فریفایرسلطان....."
    },
    {
        "link": "https://ifilo.net/v/hnp9Ww1",
        "title": "کالافدیوتیسلطان"
    },
    {
        "link": "https://ifilo.net/v/C40l6WR",
        "title": "کالافدوتیسلطان"
    },
    {
        "link": "https://ifilo.net/v/dWRLjAT",
        "title": "وقتیپلداغونولیمجبوریردبشی"
    },
    {
        "link": "https://ifilo.net/v/oOXc4MP",
        "title": "کالاف.دیوتی.سلطان."
    },
    {
        "link": "https://ifilo.net/v/h37nXfc",
        "title": "شبنم(جدید)شبحسرگرداندرجنگلمنتظرمنبود"
    },
    {
        "link": "https://ifilo.net/v/ES5Pr9D",
        "title": "فاتینا(جدید)فاتیناوسجادماشیناسپورتکردن"
    },
    {
        "link": "https://ifilo.net/v/xcPPoHB",
        "title": "ختن(جدید)یهبستهزندگیمنوعوضکرد،توشموبایلبود"
    },
    {
        "link": "https://ifilo.net/v/YYApDoU",
        "title": "ختن(جدید)چمدانگمشدهخانمپرستاریکهرفتهبودعروسیروخریدم"
    },
    {
        "link": "https://ifilo.net/v/KxLPQHm",
        "title": "ختن(جدید)عجیبترینفیجتهایضددزدیروتستکردم"
    },
    {
        "link": "https://ifilo.net/v/6SDog4v",
        "title": "بازیترسناکموبایلدرجهانmomo"
    },
    {
        "link": "https://ifilo.net/v/i2VpKcb",
        "title": "بازیموموتعوری"
    },
    {
        "link": "https://ifilo.net/v/M7F8gTS",
        "title": "دومینموموهرور"
    },
    {
        "link": "https://ifilo.net/v/h0xDSsn",
        "title": "اولینبازیمومو"
    },
    {
        "link": "https://ifilo.net/v/Ld8ikGM",
        "title": "مسابقهخفنBeastبخش2-یکیبایدخودشرافدایگروهکنه"
    },
    {
        "link": "https://ifilo.net/v/7ydoo6w",
        "title": "علیایکسشات(جدید)ماشینفوتبالیستهادزدیدمتوجیتیای"
    },
    {
        "link": "https://ifilo.net/v/kEoWqTf",
        "title": "شبنم(جدید)طلسمبینمنونیماگیرکردهبایدیگیانتخاببشه"
    },
    {
        "link": "https://ifilo.net/v/G8Wk24q",
        "title": "سهیلسلبا(جدید)هربلاییخاستسرماورد/آخرینحظوربانو"
    },
    {
        "link": "https://ifilo.net/v/1LFtoxL",
        "title": "آموزشساختاسلایم|اسلایمبازیکودکانه|اسلایماسمر|اسلایمآرامشبخش|اسلایمجدید"
    },
    {
        "link": "https://ifilo.net/v/dmSxujX",
        "title": "آموزشساختاسلایم|اسلایمبازیکودکانه|اسلایماسمر|اسلایمآرامشبخش|اسلایمجدید"
    },
    {
        "link": "https://ifilo.net/v/Kw3kcCC",
        "title": "آموزشساختاسلایم|اسلایمبازیکودکانه|اسلایماسمر|اسلایمآرامشبخش|اسلایمجدید"
    },
    {
        "link": "https://ifilo.net/v/Ko6GF6J",
        "title": "احمدرکسا(جدید)شخصیتهایجیتیای۶روازنزدیکدیدم"
    },
    {
        "link": "https://ifilo.net/v/bvl859n",
        "title": "کیمدی۲۰۲۵هیروز"
    },
    {
        "link": "https://ifilo.net/v/SXPkQ9O",
        "title": "سیسترلی(جدید)۲۴ساعتخدمتکاردلوینشدیم"
    },
    {
        "link": "https://ifilo.net/v/a7PCYdZ",
        "title": "ویدئوجدیدبازیmafiaoldcountry"
    },
    {
        "link": "https://ifilo.net/v/6vumPID",
        "title": "شبنم(جدید)طلسمبینمنونیماگیرکردهیکیبایدانتخاببشه"
    },
    {
        "link": "https://ifilo.net/v/wVBuSla",
        "title": "آموزشساختاسلایم|اسلایمبازیکودکانه|اسلایماسمر|اسلایمآرامشبخش|اسلایمجدیدقسمت5728"
    },
    {
        "link": "https://ifilo.net/v/w29tIkU",
        "title": "آموزشساختاسلایم|اسلایمبازیکودکانه|اسلایماسمر|اسلایمآرامشبخش|اسلایمجدیدقسمت5727"
    },
    {
        "link": "https://ifilo.net/v/31MVy3C",
        "title": "آموزشساختاسلایم|اسلایمبازیکودکانه|اسلایماسمر|اسلایمآرامشبخش|اسلایمجدیدقسمت5726"
    },
    {
        "link": "https://ifilo.net/v/UqrT2G2",
        "title": "آموزشساختاسلایم|اسلایمبازیکودکانه|اسلایماسمر|اسلایمآرامشبخش|اسلایمجدیدقسمت5725"
    },
    {
        "link": "https://ifilo.net/v/CfvBfZ7",
        "title": "آموزشساختاسلایم|اسلایمبازیکودکانه|اسلایماسمر|اسلایمآرامشبخش|اسلایمجدیدقسمت5724"
    },
    {
        "link": "https://ifilo.net/v/TvNwMgK",
        "title": "آموزشساختاسلایم|اسلایمبازیکودکانه|اسلایماسمر|اسلایمآرامشبخش|اسلایمجدیدقسمت5723"
    },
    {
        "link": "https://ifilo.net/v/PDsliGi",
        "title": "آموزشساختاسلایم|اسلایمبازیکودکانه|اسلایماسمر|اسلایمآرامشبخش|اسلایمجدیدقسمت5721"
    },
    {
        "link": "https://ifilo.net/v/bbtUp4M",
        "title": "آموزشساختاسلایم|اسلایمبازیکودکانه|اسلایماسمر|اسلایمآرامشبخش|اسلایمجدیدقسمت5720"
    },
    {
        "link": "https://ifilo.net/v/vxzzvvw",
        "title": "آموزشساختاسلایم|اسلایمبازیکودکانه|اسلایماسمر|اسلایمآرامشبخش|اسلایمجدیدقسمت5719"
    },
    {
        "link": "https://ifilo.net/v/gwnFuyZ",
        "title": "آموزشساختاسلایم|اسلایمبازیکودکانه|اسلایماسمر|اسلایمآرامشبخش|اسلایمجدیدقسمت5718"
    },
    {
        "link": "https://ifilo.net/v/YMNAhXp",
        "title": "آموزشساختاسلایم|اسلایمبازیکودکانه|اسلایماسمر|اسلایمآرامشبخش|اسلایمجدیدقسمت5717"
    },
    {
        "link": "https://ifilo.net/v/6muP825",
        "title": "آموزشساختاسلایم|اسلایمبازیکودکانه|اسلایماسمر|اسلایمآرامشبخش|اسلایمجدیدقسمت5716"
    },
    {
        "link": "https://ifilo.net/v/P7MkAeW",
        "title": "آموزشساختاسلایم|اسلایمبازیکودکانه|اسلایماسمر|اسلایمآرامشبخش|اسلایمجدیدقسمت5715"
    },
    {
        "link": "https://ifilo.net/v/cGxHTLc",
        "title": "آموزشساختاسلایم|اسلایمبازیکودکانه|اسلایماسمر|اسلایمآرامشبخش|اسلایمجدیدقسمت5714"
    },
    {
        "link": "https://ifilo.net/v/UrwZSaf",
        "title": "آموزشساختاسلایم|اسلایمبازیکودکانه|اسلایماسمر|اسلایمآرامشبخش|اسلایمجدیدقسمت5713"
    },
    {
        "link": "https://ifilo.net/v/5db2EoS",
        "title": "آموزشساختاسلایم|اسلایمبازیکودکانه|اسلایماسمر|اسلایمآرامشبخش|اسلایمجدیدقسمت5712"
    },
    {
        "link": "https://ifilo.net/v/HltN4kq",
        "title": "آموزشساختاسلایم|اسلایمبازیکودکانه|اسلایماسمر|اسلایمآرامشبخش|اسلایمجدیدقسمت5711"
    },
    {
        "link": "https://ifilo.net/v/MVOpkIw",
        "title": "آموزشساختاسلایم|اسلایمبازیکودکانه|اسلایماسمر|اسلایمآرامشبخش|اسلایمجدیدقسمت5710"
    },
    {
        "link": "https://ifilo.net/v/gWL1joU",
        "title": "آموزشساختاسلایم|اسلایمبازیکودکانه|اسلایماسمر|اسلایمآرامشبخش|اسلایمجدیدقسمت5709"
    },
    {
        "link": "https://ifilo.net/v/bhweLys",
        "title": "آموزشساختاسلایم|اسلایمبازیکودکانه|اسلایماسمر|اسلایمآرامشبخش|اسلایمجدیدقسمت5708"
    },
    {
        "link": "https://ifilo.net/v/pDy0YUf",
        "title": "آموزشساختاسلایم|اسلایمبازیکودکانه|اسلایماسمر|اسلایمآرامشبخش|اسلایمجدیدقسمت5707"
    },
    {
        "link": "https://ifilo.net/v/1mtkA07",
        "title": "آموزشساختاسلایم|اسلایمبازیکودکانه|اسلایماسمر|اسلایمآرامشبخش|اسلایمجدیدقسمت5706"
    },
    {
        "link": "https://ifilo.net/v/Fm6IUYs",
        "title": "آموزشساختاسلایم|اسلایمبازیکودکانه|اسلایماسمر|اسلایمآرامشبخش|اسلایمجدیدقسمت5705"
    },
    {
        "link": "https://ifilo.net/v/lSKuooE",
        "title": "آموزشساختاسلایم|اسلایمبازیکودکانه|اسلایماسمر|اسلایمآرامشبخش|اسلایمجدیدقسمت5704"
    },
    {
        "link": "https://ifilo.net/v/D2YKGSu",
        "title": "آموزشساختاسلایم|اسلایمبازیکودکانه|اسلایماسمر|اسلایمآرامشبخش|اسلایمجدیدقسمت5703"
    },
    {
        "link": "https://ifilo.net/v/HwURTnf",
        "title": "آموزشساختاسلایم|اسلایمبازیکودکانه|اسلایماسمر|اسلایمآرامشبخش|اسلایمجدیدقسمت5702"
    },
    {
        "link": "https://ifilo.net/v/Bk747TG",
        "title": "آموزشساختاسلایم|اسلایمبازیکودکانه|اسلایماسمر|اسلایمآرامشبخش|اسلایمجدیدقسمت5701"
    },
    {
        "link": "https://ifilo.net/v/qT0AQko",
        "title": "آموزشساختاسلایم|اسلایمبازیکودکانه|اسلایماسمر|اسلایمآرامشبخش|اسلایمجدیدقسمت5700"
    },
    {
        "link": "https://ifilo.net/v/1brHXU1",
        "title": "آموزشساختاسلایم|اسلایمبازیکودکانه|اسلایماسمر|اسلایمآرامشبخش|اسلایمجدیدقسمت5699"
    },
    {
        "link": "https://ifilo.net/v/v5N6lto",
        "title": "آموزشساختاسلایم|اسلایمبازیکودکانه|اسلایماسمر|اسلایمآرامشبخش|اسلایمجدیدقسمت5698"
    },
    {
        "link": "https://ifilo.net/v/roUXIxr",
        "title": "آموزشساختاسلایم|اسلایمبازیکودکانه|اسلایماسمر|اسلایمآرامشبخش|اسلایمجدیدقسمت5697"
    },
    {
        "link": "https://ifilo.net/v/wFVwWpO",
        "title": "آموزشساختاسلایم|اسلایمبازیکودکانه|اسلایماسمر|اسلایمآرامشبخش|اسلایمجدیدقسمت5696"
    },
    {
        "link": "https://ifilo.net/v/09fWKdl",
        "title": "آموزشساختاسلایم|اسلایمبازیکودکانه|اسلایماسمر|اسلایمآرامشبخش|اسلایمجدیدقسمت5695"
    },
    {
        "link": "https://ifilo.net/v/5nwbH5z",
        "title": "آموزشساختاسلایم|اسلایمبازیکودکانه|اسلایماسمر|اسلایمآرامشبخش|اسلایمجدیدقسمت5694"
    },
    {
        "link": "https://ifilo.net/v/eCSazWn",
        "title": "آموزشساختاسلایم|اسلایمبازیکودکانه|اسلایماسمر|اسلایمآرامشبخش|اسلایمجدیدقسمت5693"
    },
    {
        "link": "https://ifilo.net/v/sfYumLP",
        "title": "آموزشساختاسلایم|اسلایمبازیکودکانه|اسلایماسمر|اسلایمآرامشبخش|اسلایمجدیدقسمت5692"
    },
    {
        "link": "https://ifilo.net/v/eqzqDLV",
        "title": "آموزشساختاسلایم|اسلایمبازیکودکانه|اسلایماسمر|اسلایمآرامشبخش|اسلایمجدیدقسمت5691"
    },
    {
        "link": "https://ifilo.net/v/boLabFT",
        "title": "آموزشساختاسلایم|اسلایمبازیکودکانه|اسلایماسمر|اسلایمآرامشبخش|اسلایمجدیدقسمت5690"
    },
    {
        "link": "https://ifilo.net/v/XmPyMzH",
        "title": "آموزشساختاسلایم|اسلایمبازیکودکانه|اسلایماسمر|اسلایمآرامشبخش|اسلایمجدیدقسمت5689"
    },
    {
        "link": "https://ifilo.net/v/5y6WBAt",
        "title": "آموزشساختاسلایم|اسلایمبازیکودکانه|اسلایماسمر|اسلایمآرامشبخش|اسلایمجدیدقسمت5688"
    },
    {
        "link": "https://ifilo.net/v/JwqRtNt",
        "title": "آموزشساختاسلایم|اسلایمبازیکودکانه|اسلایماسمر|اسلایمآرامشبخش|اسلایمجدیدقسمت5687"
    },
    {
        "link": "https://ifilo.net/v/E1aS7ju",
        "title": "آموزشساختاسلایم|اسلایمبازیکودکانه|اسلایماسمر|اسلایمآرامشبخش|اسلایمجدیدقسمت5686"
    },
    {
        "link": "https://ifilo.net/v/L5zCsxy",
        "title": "آموزشساختاسلایم|اسلایمبازیکودکانه|اسلایماسمر|اسلایمآرامشبخش|اسلایمجدیدقسمت5685"
    },
    {
        "link": "https://ifilo.net/v/7ii01rF",
        "title": "آموزشساختاسلایم|اسلایمبازیکودکانه|اسلایماسمر|اسلایمآرامشبخش|اسلایمجدیدقسمت5684"
    },
    {
        "link": "https://ifilo.net/v/3bGD6GK",
        "title": "آموزشساختاسلایم|اسلایمبازیکودکانه|اسلایماسمر|اسلایمآرامشبخش|اسلایمجدیدقسمت5683"
    },
    {
        "link": "https://ifilo.net/v/dh9mF1T",
        "title": "آموزشساختاسلایم|اسلایمبازیکودکانه|اسلایماسمر|اسلایمآرامشبخش|اسلایمجدیدقسمت5682"
    },
    {
        "link": "https://ifilo.net/v/OIvhnxx",
        "title": "آموزشساختاسلایم|اسلایمبازیکودکانه|اسلایماسمر|اسلایمآرامشبخش|اسلایمجدیدقسمت5681"
    },
    {
        "link": "https://ifilo.net/v/HjAZ2pa",
        "title": "آموزشساختاسلایم|اسلایمبازیکودکانه|اسلایماسمر|اسلایمآرامشبخش|اسلایمجدیدقسمت5680"
    },
    {
        "link": "https://ifilo.net/v/tmPENBX",
        "title": "آموزشساختاسلایم|اسلایمبازیکودکانه|اسلایماسمر|اسلایمآرامشبخش|اسلایمجدیدقسمت5679"
    },
    {
        "link": "https://ifilo.net/v/AaAFkgr",
        "title": "دوبلهفارسیازقسمتدومهزبینهتل|هزبینهتلبادوبلهفارسی|جتگالستور"
    },
    {
        "link": "https://ifilo.net/v/iodHvGG",
        "title": "آموزشساختشمشیرآتشیندرماینکرافت/مانکرافت/بیلدکرافت"
    },
    {
        "link": "https://ifilo.net/v/f9Je0us",
        "title": "آموزشساختاسلایم|اسلایمبازیکودکانه|اسلایماسمر|اسلایمآرامشبخش|اسلایمجدیدقسمت5678"
    },
    {
        "link": "https://ifilo.net/v/H9EKZut",
        "title": "آموزشساختاسلایم|اسلایمبازیکودکانه|اسلایماسمر|اسلایمآرامشبخش|اسلایمجدیدقسمت5677"
    },
    {
        "link": "https://ifilo.net/v/UCDGkXe",
        "title": "آموزشساختاسلایم|اسلایمبازیکودکانه|اسلایماسمر|اسلایمآرامشبخش|اسلایمجدیدقسمت5676"
    },
    {
        "link": "https://ifilo.net/v/w2kvq47",
        "title": "تستتصادف۴۰۶توبازی"
    },
    {
        "link": "https://ifilo.net/v/Z56ZMnO",
        "title": "آموزشساختاسلایم|اسلایمبازیکودکانه|اسلایماسمر|اسلایمآرامشبخش|اسلایمجدیدقسمت5675"
    },
    {
        "link": "https://ifilo.net/v/v17Rnwt",
        "title": "آموزشساختاسلایم|اسلایمبازیکودکانه|اسلایماسمر|اسلایمآرامشبخش|اسلایمجدیدقسمت5674"
    }
]