[
  {
    "link": "https://ifilo.net/v/OfIiIEv",
    "title": "کلیپجدیدازمسعودجلیلیاناهنگساقی"
  },
  {
    "link": "https://ifilo.net/v/Ly0MN9K",
    "title": "یکیازآهنگهایماندگاراستاداصغرباکردار"
  },
  {
    "link": "https://ifilo.net/v/28Fd16A",
    "title": "کلیپجدیدلیلیازمسعودجلیلیان"
  },
  {
    "link": "https://ifilo.net/v/AndREFL",
    "title": "خوانندهگیمهرانمدیریباآهنگجانبیقرار"
  },
  {
    "link": "https://ifilo.net/v/LVcOhu0",
    "title": "موزیکویدیو👌هایده♥️"
  },
  {
    "link": "https://ifilo.net/v/CQMsstb",
    "title": "شادباشتادنیابراتبرقصه"
  },
  {
    "link": "https://ifilo.net/v/HvcbjIF",
    "title": "خوانندهکوردیپسرجوان"
  },
  {
    "link": "https://ifilo.net/v/0V1zRBS",
    "title": "آوازخوانیوتارنوازی👌💯لیلیومجنون"
  },
  {
    "link": "https://ifilo.net/v/701Uuzp",
    "title": "خوانندهجدیدباهامبدتاکرد"
  },
  {
    "link": "https://ifilo.net/v/vOAdKKe",
    "title": "آهنگبیکلامترندشماره۷"
  },
  {
    "link": "https://ifilo.net/v/v0qgPNO",
    "title": "آهنگبیکلامترندشماره۸"
  },
  {
    "link": "https://ifilo.net/v/NskuF0A",
    "title": "آهنگبیکلامترندشماره۵"
  },
  {
    "link": "https://ifilo.net/v/U9o0u1x",
    "title": "آهنگبیکلامترندشماره۴"
  },
  {
    "link": "https://ifilo.net/v/VAqJ958",
    "title": "آهنگبیکلامشماره۱۰"
  },
  {
    "link": "https://ifilo.net/v/pKfWeOo",
    "title": "آهنگشادیاربالاامیدجهان"
  },
  {
    "link": "https://ifilo.net/v/xX7X80X",
    "title": "ریمیکسآهنگمحسنچاووشی"
  },
  {
    "link": "https://ifilo.net/v/kPqzclJ",
    "title": "آهنگزیبایزندگیجونمعلیرضاطلیسچی"
  },
  {
    "link": "https://ifilo.net/v/BEfBjtP",
    "title": "ریمیکسآهنگمنویادتنرهعلیعبدالمالکی"
  },
  {
    "link": "https://ifilo.net/v/NBg9Ufw",
    "title": "آهنگرززردعلیاردوان"
  },
  {
    "link": "https://ifilo.net/v/wvG650u",
    "title": "کلیپانگیزشیفوقالعاده"
  },
  {
    "link": "https://ifilo.net/v/OAhe7Nm",
    "title": "استعدادنابایرانی"
  },
  {
    "link": "https://ifilo.net/v/VYf5qFc",
    "title": "اجرایحالخوبکن"
  },
  {
    "link": "https://ifilo.net/v/utmPojH",
    "title": "استادهمایونشجریان💯👌"
  },
  {
    "link": "https://ifilo.net/v/AU7DyHT",
    "title": "چندثانیهآرامش"
  },
  {
    "link": "https://ifilo.net/v/GUCGyvb",
    "title": "استعدادنابایرونی"
  },
  {
    "link": "https://ifilo.net/v/WxE6nlx",
    "title": "اجرایخفنآقایبازیگر"
  },
  {
    "link": "https://ifilo.net/v/3evBvWv",
    "title": "آهنگشهرامشکوهیبهنامبارانعشق"
  },
  {
    "link": "https://ifilo.net/v/ZW9WTpp",
    "title": "آهنگزکیشمسآبادیبهناماسترس"
  },
  {
    "link": "https://ifilo.net/v/KvuHLYO",
    "title": "یکیازبهترینوزیباترینکهرتمامعمرمونشنیدهایمواینبارباصدای"
  },
  {
    "link": "https://ifilo.net/v/kHaDk02",
    "title": "موسیقی/انقدتوعزیزیعزیزم/موسیقیشاد"
  },
  {
    "link": "https://ifilo.net/v/tk1hfK8",
    "title": "AnewandsuperpleasantsongwiththevoiceofAmirfirecalledTonight"
  },
  {
    "link": "https://ifilo.net/v/b8kgksS",
    "title": "دلتنگیحرفدللحظاتیحالدلتوخوبمیکنه......"
  },
  {
    "link": "https://ifilo.net/v/OyaR7rP",
    "title": "اهنگزیباجذابخفنترکهای|خیلیخوبهازدستندید"
  },
  {
    "link": "https://ifilo.net/v/i1u0VLu",
    "title": "آهنگجدیدبهنامبانی-ستارهمیشی"
  },
  {
    "link": "https://ifilo.net/v/XeRZFFA",
    "title": "آهنگ«دوسشدارم»مهدیاحمدوند(ورژنهوشمصنوعی)دوسشدارم"
  },
  {
    "link": "https://ifilo.net/v/FwUBXiJ",
    "title": "یکیاززیباترینآهنگهایرضاصادقی"
  },
  {
    "link": "https://ifilo.net/v/dPKVnV1",
    "title": "موزیکویدیوعاشقانهاحساسیایرانی💥⭐💛"
  },
  {
    "link": "https://ifilo.net/v/rpYRFkX",
    "title": "موزیکماکانباندعاشقانه"
  },
  {
    "link": "https://ifilo.net/v/gqoZlqi",
    "title": "موزیکویدیوعاشقانهاحساسی🏵️🌸🌸🏵️💛"
  },
  {
    "link": "https://ifilo.net/v/cktOKOU",
    "title": "آهنگبسیارزیبایترکی"
  },
  {
    "link": "https://ifilo.net/v/qtG7kpg",
    "title": "اهنگزیباترکونده"
  },
  {
    "link": "https://ifilo.net/v/Fhzdabd",
    "title": "یهصبرازتموندهفقط"
  },
  {
    "link": "https://ifilo.net/v/5S9aaDF",
    "title": "محلیخودمونیمیکسفیلموآهنگمحلی👌"
  },
  {
    "link": "https://ifilo.net/v/QRMNnIl",
    "title": "ویدیوموزیکمنهمهدنیارابگردماز(بهنامبانی)"
  },
  {
    "link": "https://ifilo.net/v/O0J9wmg",
    "title": "امیدوارمکهازاینکلیپساختگزندخوشتونبیاد"
  },
  {
    "link": "https://ifilo.net/v/2157VCm",
    "title": "ویدیوموزیکفراراز(فرزادفرزین)"
  },
  {
    "link": "https://ifilo.net/v/yGgvHV2",
    "title": "آهنگجدیدقشنگترینخطاراغب"
  },
  {
    "link": "https://ifilo.net/v/TdBaPrb",
    "title": "آهنگزیباینازنازآرمانعزیز"
  },
  {
    "link": "https://ifilo.net/v/HpwtlmG",
    "title": "آهنگمنهمونمکهیهروزمیخواستمدریابشم{شماعیزاده}"
  },
  {
    "link": "https://ifilo.net/v/SZ3tQMP",
    "title": "آهنگجدیدیادتهستاحمدسعیدی"
  },
  {
    "link": "https://ifilo.net/v/Ly93Zn0",
    "title": "آهنگزیبایحامدهمایون-باورمکن"
  },
  {
    "link": "https://ifilo.net/v/CjKcU0H",
    "title": "آهنگجدیدشادمهرعقیلیبنامخلیجفارس"
  },
  {
    "link": "https://ifilo.net/v/Q69x9Zb",
    "title": "تاابدپشتچراغقرمز🚦"
  },
  {
    "link": "https://ifilo.net/v/0AV1hFI",
    "title": "اجرایمداحیبانیدف09120046797خوانندهسنتیسازوآوازمداح"
  },
  {
    "link": "https://ifilo.net/v/TRQCiKm",
    "title": "اینقطعهازمحسنچاوشیخیلیخوبه🎧"
  },
  {
    "link": "https://ifilo.net/v/yaSNoqn",
    "title": "بهشتزهرانیوآواز09120046797خوانندهختمتهران"
  },
  {
    "link": "https://ifilo.net/v/rPFBCyl",
    "title": "خوانندهختمبهشتزهرا09120046797مداحیعرفانیپلیبکنینوازی"
  },
  {
    "link": "https://ifilo.net/v/hlJWXIS",
    "title": "اجرایسازوآوازومداحیختم09120046797نیدفوسنتورخواننده/تصنیفخوانیمراسمیادبوددرتالار"
  },
  {
    "link": "https://ifilo.net/v/Qh5cdIp",
    "title": "ورژنگیتارآهنگ»والایاربهنام«دخترشرقی»"
  },
  {
    "link": "https://ifilo.net/v/O28r2vc",
    "title": "عاشقانهماندگارابی:اهنگبهتونامهمینویسمبهتوایهمیشهدریاد"
  },
  {
    "link": "https://ifilo.net/v/lqL3FAR",
    "title": "آهنگ::فریدونآسراییبهنام«یادمنباشاگهخوابیاگهبیداریادمنباش»"
  },
  {
    "link": "https://ifilo.net/v/LbwQjPh",
    "title": "عاشقانهایجاودانازمعین:تمامعشقِمنبهتوخلاصهشد"
  },
  {
    "link": "https://ifilo.net/v/5NhwnQQ",
    "title": "موزیکوکلیپتتلو"
  },
  {
    "link": "https://ifilo.net/v/8CIYXmW",
    "title": "آهنگکوهقافازعلیزندوکیلیومهرانمدیری+متن"
  },
  {
    "link": "https://ifilo.net/v/aEvx98m",
    "title": "راحتنیامدیگلمکهراحتبریادلم"
  },
  {
    "link": "https://ifilo.net/v/FNjO8dj",
    "title": "منهمانمکهدلازدنیابریدم"
  },
  {
    "link": "https://ifilo.net/v/vdXFWEp",
    "title": "منعاشقتوهستمهامشوسیومستمه"
  },
  {
    "link": "https://ifilo.net/v/ZnEuxyX",
    "title": "ببینچطوردلمیبریی"
  },
  {
    "link": "https://ifilo.net/v/4GrvBOj",
    "title": "نوشداروبعدمرگفایدهنداره"
  },
  {
    "link": "https://ifilo.net/v/uEEzJ6M",
    "title": "اسمونهیبیحسیمیباره"
  },
  {
    "link": "https://ifilo.net/v/2PFaBd9",
    "title": "یهروزیگلهکردممنازعالممستی"
  },
  {
    "link": "https://ifilo.net/v/ojIjt7k",
    "title": "ازادمامتنفرمچونپیشمنموندن"
  },
  {
    "link": "https://ifilo.net/v/onRNwRr",
    "title": "همهیهمشتهفتادیهشتادی"
  },
  {
    "link": "https://ifilo.net/v/fowetru",
    "title": "مهحالماصنخوبنی"
  },
  {
    "link": "https://ifilo.net/v/s9Hex5p",
    "title": "بازمزدهسرممسمسالکلم"
  },
  {
    "link": "https://ifilo.net/v/YE4MYur",
    "title": "تونفسمنکوترتویقفسمن"
  },
  {
    "link": "https://ifilo.net/v/F5WdIDL",
    "title": "وباددامهجوانیماسیروزندگیانیم"
  },
  {
    "link": "https://ifilo.net/v/NG1QbtX",
    "title": "چشاششدهدوامنگاشمثمورفینهبرام"
  },
  {
    "link": "https://ifilo.net/v/8iXDboU",
    "title": "اگهنباشیدلمیمیره"
  },
  {
    "link": "https://ifilo.net/v/tzKzIL9",
    "title": "کاشیباردیگهچشماتووقترفتنمیدیدم"
  },
  {
    "link": "https://ifilo.net/v/8mhANiC",
    "title": "ویدیوسلامصبحبخیر"
  },
  {
    "link": "https://ifilo.net/v/oMizZKi",
    "title": "ویدیوسلامصبحبخیر"
  },
  {
    "link": "https://ifilo.net/v/oBKPONb",
    "title": "هنوزیهتیکهازقلبموپیشخودتداری"
  },
  {
    "link": "https://ifilo.net/v/8wpgFqQ",
    "title": "آهنگزیبامجیدخراطها"
  },
  {
    "link": "https://ifilo.net/v/YDoJk7H",
    "title": "ویدیوسلامصبحبخیر"
  },
  {
    "link": "https://ifilo.net/v/nz7AW9X",
    "title": "چرخشاینروزگاریاربموییمیکنار"
  },
  {
    "link": "https://ifilo.net/v/Iiy5Cj5",
    "title": "منکهنازتوگروننمیخرم"
  },
  {
    "link": "https://ifilo.net/v/rxbxm1M",
    "title": "بخونغزلهخداحافظیووو"
  },
  {
    "link": "https://ifilo.net/v/g27HWCL",
    "title": "هرچیمیکشمازدلسادمه"
  },
  {
    "link": "https://ifilo.net/v/5u5sRWl",
    "title": "SohrabPakzad-Bihoosh|آهنگبیهوشازسهرابپاکزاد"
  },
  {
    "link": "https://ifilo.net/v/Cfg9t85",
    "title": "هرچیعشقهتویدنیا🥹"
  },
  {
    "link": "https://ifilo.net/v/dChLxAU",
    "title": "همهچییهوییشداومدیرفتیتوقلبم"
  },
  {
    "link": "https://ifilo.net/v/4E7ofUO",
    "title": "خطونشوننکشهیواسهمن"
  },
  {
    "link": "https://ifilo.net/v/9jhJQHS",
    "title": "نیمهیگمشدمیازکجاپیداتشد"
  },
  {
    "link": "https://ifilo.net/v/Ch3PYqQ",
    "title": "تقوتقدرزدمدستپراومدم🥹"
  },
  {
    "link": "https://ifilo.net/v/TzS6ruB",
    "title": "دوسشدارمدیوونهوارر"
  },
  {
    "link": "https://ifilo.net/v/Mt507mG",
    "title": "آهنگبسیارزیبایترکیbundansonraازcembelevi"
  },
  {
    "link": "https://ifilo.net/v/C7lvQhK",
    "title": "اسمونامشببارونمیباره"
  },
  {
    "link": "https://ifilo.net/v/9bxDaqN",
    "title": "منشدمعاشقاونیکعاشقمنی"
  },
  {
    "link": "https://ifilo.net/v/AnzjKSH",
    "title": "منویهحالبدکهاونمتودادیا"
  }
]