link,title
https://ifilo.net/v/OfIiIEv,کلیپ جدید از مسعود جلیلیان اهنگ ساقی
https://ifilo.net/v/Ly0MN9K,یکی از آهنگهای ماندگار استاد اصغر باکردار
https://ifilo.net/v/28Fd16A,کلیپ جدید لیلی از مسعود جلیلیان
https://ifilo.net/v/AndREFL,خواننده گی مهران مدیری با آهنگ جان بی قرار
https://ifilo.net/v/LVcOhu0,موزیک ویدیو👌  هایده♥️
https://ifilo.net/v/CQMsstb,شاد باش تا دنیا برات برقصه
https://ifilo.net/v/HvcbjIF,خواننده کوردی پسر جوان
https://ifilo.net/v/0V1zRBS,آواز خوانی و تار نوازی 👌💯 لیلی و مجنون
https://ifilo.net/v/701Uuzp,خواننده جدید باهام بد تا کرد
https://ifilo.net/v/vOAdKKe,آهنگ بی کلام ترند شماره ۷
https://ifilo.net/v/v0qgPNO,آهنگ بی کلام ترند شماره ۸
https://ifilo.net/v/NskuF0A,آهنگ بی کلام ترند شماره ۵
https://ifilo.net/v/U9o0u1x,آهنگ بی کلام ترند شماره ۴
https://ifilo.net/v/VAqJ958,آهنگ بی کلام شماره ۱۰
https://ifilo.net/v/pKfWeOo,آهنگ شاد یار بالا امید جهان
https://ifilo.net/v/xX7X80X,ریمیکس آهنگ محسن چاووشی
https://ifilo.net/v/kPqzclJ,آهنگ زیبای زندگی جونم علیرضا طلیسچی
https://ifilo.net/v/BEfBjtP,ریمیکس آهنگ منو یادت نره علی عبدالمالکی
https://ifilo.net/v/NBg9Ufw,آهنگ رز زرد علی اردوان
https://ifilo.net/v/wvG650u,کلیپ انگیزشی فوق العاده
https://ifilo.net/v/OAhe7Nm,استعداد ناب ایرانی
https://ifilo.net/v/VYf5qFc,اجرای حال خوب کن
https://ifilo.net/v/utmPojH,استاد همایون شجریان 💯👌
https://ifilo.net/v/AU7DyHT,چند ثانیه آرامش
https://ifilo.net/v/GUCGyvb,استعداد ناب ایرونی
https://ifilo.net/v/WxE6nlx,اجرای خفن آقای بازیگر
https://ifilo.net/v/3evBvWv,آهنگ شهرام شکوهی به نام باران عشق
https://ifilo.net/v/ZW9WTpp,آهنگ زکی شمس آبادی به نام استرس
https://ifilo.net/v/KvuHLYO,یکی از بهترین و زیباترین که ر تمام عمرمون شنیده ایم و این بار با صدای
https://ifilo.net/v/kHaDk02,موسیقی/انقد تو عزیزی عزیزم/موسیقی شاد
https://ifilo.net/v/tk1hfK8,A new and super pleasant song with the voice of Amirfire called Tonight
https://ifilo.net/v/b8kgksS,دلتنگی حرف دل لحظاتی حال دلتو خوب می کنه ......
https://ifilo.net/v/OyaR7rP,اهنگ زیبا جذاب خفن ترکه ای | خیلی خوبه از دست ندید
https://ifilo.net/v/i1u0VLu,آهنگ جدید بهنام بانی - ستاره میشی
https://ifilo.net/v/XeRZFFA,آهنگ «دوسش دارم» مهدی احمدوند ( ورژن هوش مصنوعی )  دوسش دارم
https://ifilo.net/v/FwUBXiJ,یکی از زیباترین  آهنگ های رضا صادقی
https://ifilo.net/v/dPKVnV1,موزیک ویدیو عاشقانه احساسی ایرانی 💥⭐💛
https://ifilo.net/v/rpYRFkX,موزیک ماکان باند عاشقانه
https://ifilo.net/v/gqoZlqi,موزیک ویدیو عاشقانه احساسی 🏵️🌸🌸🏵️💛
https://ifilo.net/v/cktOKOU,آهنگ بسیار زیبای ترکی
https://ifilo.net/v/qtG7kpg,اهنگ زیبا ترکونده
https://ifilo.net/v/Fhzdabd,یه صبر ازت مونده فقط
https://ifilo.net/v/5S9aaDF,محلی خودمونی میکس فیلم و آهنگ محلی 👌
https://ifilo.net/v/QRMNnIl,ویدیو موزیک من همه دنیارا بگردم از (بهنام بانی)
https://ifilo.net/v/O0J9wmg,امیدوارم که از این کلیپ ساخت گزند خوشتون بیاد
https://ifilo.net/v/2157VCm,ویدیو موزیک فرار از (فرزاد فرزین)
https://ifilo.net/v/yGgvHV2,آهنگ جدید قشنگ ترین خطا راغب
https://ifilo.net/v/TdBaPrb,آهنگ زیبای ناز ناز آرمان عزیز
https://ifilo.net/v/HpwtlmG,آهنگ من همونم که یه روز میخواستم دریا بشم { شماعی زاده }
https://ifilo.net/v/SZ3tQMP,آهنگ جدید یادت هست احمد سعیدی
https://ifilo.net/v/Ly93Zn0,آهنگ زیبای حامد همایون - باورم کن
https://ifilo.net/v/CjKcU0H,آهنگ جدید شادمهر عقیلی بنام خلیج فارس
https://ifilo.net/v/Q69x9Zb,تا ابد پشت چراغ قرمز 🚦
https://ifilo.net/v/0AV1hFI,اجرای مداحی با نی دف 09120046797 خواننده سنتی ساز و آواز مداح
https://ifilo.net/v/TRQCiKm,این قطعه از محسن چاوشی خیلی خوبه 🎧
https://ifilo.net/v/yaSNoqn,بهشت زهرا نی و آواز 09120046797 خواننده ختم تهران
https://ifilo.net/v/rPFBCyl,خواننده ختم بهشت زهرا 09120046797 مداحی عرفانی پلی بک نی نوازی
https://ifilo.net/v/hlJWXIS,اجرای ساز و آواز و مداحی ختم 09120046797 نی دف و سنتور خواننده / تصنیف خوانی مراسم یادبود در تالار
https://ifilo.net/v/Qh5cdIp,ورژن گیتار آهنگ» والایار به نام «دختر شرقی»
https://ifilo.net/v/O28r2vc,عاشقانه ماندگار ابی : اهنگ به تو نامه می نویسم به تو ای همیشه در یاد
https://ifilo.net/v/lqL3FAR,آهنگ:: فریدون آسرایی به نام «یاد من باش اگه خوابی اگه بیدار یاد من باش»
https://ifilo.net/v/LbwQjPh,عاشقانه ای جاودان از معین: تمام عشقِ من به تو خلاصه شد
https://ifilo.net/v/5NhwnQQ,موزیک و کلیپ تتلو
https://ifilo.net/v/8CIYXmW,آهنگ کوه قاف از علی زندوکیلی و مهران مدیری + متن
https://ifilo.net/v/aEvx98m,راحت نیامدی گلم که راحت بری ادلم
https://ifilo.net/v/FNjO8dj,من همانم که دل از دنیا بریدم
https://ifilo.net/v/vdXFWEp,من عاشق تو هستمه امشو سیو مستمه
https://ifilo.net/v/ZnEuxyX,ببین چطور دل میبریی
https://ifilo.net/v/4GrvBOj,نوش دارو بعد مرگ فایده نداره
https://ifilo.net/v/uEEzJ6M,اسمون هی بی حسی میباره
https://ifilo.net/v/2PFaBd9,یه روزی گله کردم من از عالم مستی
https://ifilo.net/v/ojIjt7k,از ادما متنفرم چون پیشم نموندن
https://ifilo.net/v/onRNwRr,همه یه مشت هفتادی هشتادی
https://ifilo.net/v/fowetru,مه حالم اصن خوب نی
https://ifilo.net/v/s9Hex5p,بازم زده سرم مس مس الکلم
https://ifilo.net/v/YE4MYur,تو نفس من کوتر توی قفس من
https://ifilo.net/v/F5WdIDL,وباد دامه جوانیم اسیر و زندگیانیم
https://ifilo.net/v/NG1QbtX,چشاش شده دوام نگاش مث مورفینه برام
https://ifilo.net/v/8iXDboU,اگه نباشی دل میمیره
https://ifilo.net/v/tzKzIL9,کاش یبار دیگه چشماتو وقت رفتن میدیدم
https://ifilo.net/v/8mhANiC,ویدیو سلام صبح بخیر
https://ifilo.net/v/oMizZKi,ویدیو سلام صبح بخیر
https://ifilo.net/v/oBKPONb,هنوز یه تیکه از قلبمو پیش خودت داری
https://ifilo.net/v/8wpgFqQ,آهنگ زیبا مجید خراطها
https://ifilo.net/v/YDoJk7H,ویدیو سلام صبح بخیر
https://ifilo.net/v/nz7AW9X,چرخش این روزگار یار بمویی می کنار
https://ifilo.net/v/Iiy5Cj5,من که نازتو گرونن میخرم
https://ifilo.net/v/rxbxm1M,بخون غزله خداحافظیووو
https://ifilo.net/v/g27HWCL,هرچی میکشم از دل سادمه
https://ifilo.net/v/5u5sRWl,Sohrab Pakzad - Bihoosh | آهنگ بیهوش از سهراب پاکزاد
https://ifilo.net/v/Cfg9t85,هرچی عشقه توی دنیا🥹
https://ifilo.net/v/dChLxAU,همه چی یهویی شد اومدی رفتی تو قلبم
https://ifilo.net/v/4E7ofUO,خط و نشون نکش هی واسه من
https://ifilo.net/v/9jhJQHS,نیمه ی گمشدمی از کجا پیدات شد
https://ifilo.net/v/Ch3PYqQ,تق و تق در زدم دست پر اومدم🥹
https://ifilo.net/v/TzS6ruB,دوسش دارم دیوونه وارر
https://ifilo.net/v/Mt507mG,آهنگ بسیار زیبای ترکی bundan sonra از cem belevi
https://ifilo.net/v/C7lvQhK,اسمون امشب بارون میباره
https://ifilo.net/v/9bxDaqN,من شدم عاشق اونی ک عاشقم نی
https://ifilo.net/v/AnzjKSH,منو یه حال بد که اونم تو دادیا
