link,title
https://ifilo.net/v/zzzQ8pA,طنز از آرمین احمدی
https://ifilo.net/v/zzyu2cg,کلیپ طنز خنده دار جدید جدید باحال
https://ifilo.net/v/zzyjNPd,حسن ریوندی جشن گود بای پوشک
https://ifilo.net/v/zzygVcL,ویدیو طنز خنده دار باحال
https://ifilo.net/v/zzweLAi,روضه خوانی روز زن ??لطفا به کانال تلگرام  کرکر خنده بپیوندید
https://ifilo.net/v/zzvqpkx,معنی صل الا سترکه چیه؟ / مومو / سل الا سترکه
https://ifilo.net/v/zzvOoHO,کلیپ طنز دیونه بازی دختران
https://ifilo.net/v/zzufikh,واقعا چرا دخترتو دادی به این 🙄
https://ifilo.net/v/zzu8yrA,طنز وقتی دختر می بینی دوست زشت به نظربیاد
https://ifilo.net/v/zztirnT,کلیپ خنده دار فان
https://ifilo.net/v/zzt3GZa,کادو گرفتن مشه قولی در وقت شب
https://ifilo.net/v/zzpjbiD,کلیپ طنز پریسا نوشابه
https://ifilo.net/v/zzoe6lC,پیشاپیش ماه مبارک رمضان مبارک
https://ifilo.net/v/zzmJX4H,دانلود سریال امرلی قسمت اول تا نهم  ۹ (سریال داعشی جدید)
https://ifilo.net/v/zzm7al6,دوربین مخفی . کمدی . سرگرمی
https://ifilo.net/v/zzm3kW0,کلیپ طنز کامیار
https://ifilo.net/v/zzksOc1,کلیپ خنده دار شکنجه توله سگ توسط گربه ها
https://ifilo.net/v/zzkZ0h5,دیرین دیرین پیشگیری از کرونا
https://ifilo.net/v/zzkXvdC,ب کجا چنین شتابان
https://ifilo.net/v/zzkI9UZ,فیلم ارنست موجب صرفه جویی کریسمس
https://ifilo.net/v/zzjVFGy,واکنش های بامزه ی نعیمه نظام دوست به سوالات مهران مدیری ۰
https://ifilo.net/v/zzj4irb,فرق بچه های قدیم و بچه های جدید
https://ifilo.net/v/zziDUV0,کلیپ طنز مارادورننداز ????
https://ifilo.net/v/zziB1Yo,دوربین مخفی طنز جدید ترساندن خارجی
https://ifilo.net/v/zzhvArd,برنامه اسکار فصل دوم
https://ifilo.net/v/zzfysnF,کلیپ طنز خانوم مراقب قسمت ششم
https://ifilo.net/v/zzfwIcR,طنز واکسن زدن طنز واکسن زدن
https://ifilo.net/v/zzfeAEa,??????????????????????❤️❤️❤️❤️❤️
https://ifilo.net/v/zzeViVX,طنز بازگشایی مدارس‌
https://ifilo.net/v/zzdPsFy,اجرا طنزkdjdjdjhfd
https://ifilo.net/v/zzcSafR,مسابقه عجیب در جهان
https://ifilo.net/v/zzZk5wS,فیلم سینمایی(گشت ارشاد 1)
https://ifilo.net/v/zzYW1h9,ایرانیا موقع دعا?
https://ifilo.net/v/zzYQADT,عاشقانه،خواندن اهنگ ،ای دخترا
https://ifilo.net/v/zzXnLlN,طنز جالب دیرین دیرین- این قسمت تیک اتوماتیک?
https://ifilo.net/v/zzWZh5Y,سگی که فوتبال را بهم ریخت
https://ifilo.net/v/zzTTvyI,کلیپ سفری که دوست دارم برم چیزی که در توانمه
https://ifilo.net/v/zzRSNbk,کلیپ طنز حیوانات خانگی باحال ۳۲۱
https://ifilo.net/v/zzRAyqj,استاد هول🤣🤣تحولولاهندختاحولنرهکزهوب۵تب۷ابنوب
https://ifilo.net/v/zzQBdvK,کلیپ خنده دار دوست پسر گوزو
https://ifilo.net/v/zzPuXQI,طنز،طنز،طنز،طنز،طنز،طنز
https://ifilo.net/v/zzNPmcJ,دالو بگم نسا.بگم نسا .دوش هم خومو شیری جو تعریف اکردیم
https://ifilo.net/v/zzMJfLL,فیلم لحظه های رقص کودک خنده دار
https://ifilo.net/v/zzLiemb,زندگی روزمره سس ماستی??
https://ifilo.net/v/zzLDG0P,دوربین مخفی خنده دار _ طنز خنده دار.........
https://ifilo.net/v/zzKbdZC,طنز مجتبی شفیعی | کلیپ جدید مجتبی شفیعی -  رقص هندی در بهشت 3
https://ifilo.net/v/zzKQWly,سکانس دیدنی و جذاب از شبهای برره به کارگردانی مهران مدیری
https://ifilo.net/v/zzKNRmy,استنداپ خنده دار علی فریادی.. 😂 /رفتارهای مردم عادی..
https://ifilo.net/v/zzKH8Fn,آقا فرشاد ....؟
https://ifilo.net/v/zzJx7Qo,وای بیچاره سکته کرد ?
https://ifilo.net/v/zzJlTpj,برنامه بازی یا راز❤️🔥🤩
https://ifilo.net/v/zzFcgNt,اینم یه طنز عالی برای شما عزیزان😂🤣😂
https://ifilo.net/v/zzEeD4k,طنز خنده دار؛ کلیپ طنز ؛ طنز جدید ؛ کلیپ خنده دار ؛ طنز ساسان و فاطی
https://ifilo.net/v/zzDOCYf,حسن ریوندی - ولنتاین
https://ifilo.net/v/zzDEVgr,تیزرشب های مافیا زودیاک قسمت 8 (شب های مافیا زودیاک فصل دوم)
https://ifilo.net/v/zzD87lQ,چارلی چاپلین جویندگان طلا ۱۹۲۵
https://ifilo.net/v/zzD4KIx,کاری با بقیه ندارم وقت اون یکی داره کجا میره
https://ifilo.net/v/zzCzrQr,جیغ های بنفش حامد آهنگی در برنامه مهران مدیری
https://ifilo.net/v/zzABp7N,وقتی پول دادی ولی بچت میگه من دیگه بازی نمیکنم
https://ifilo.net/v/zz9XvwR,شستن گربه به روش دهه شصتی ها
https://ifilo.net/v/zz9RuLv,بر عکس پیانو می زد!...............................
https://ifilo.net/v/zz8NdKf,دیرین دیرین - گونه‌ های کمیاب خراسان جنوبی
https://ifilo.net/v/zz6VNjt,کمدی طنز به زبان لری
https://ifilo.net/v/zz54OSh,لطفا فالو کنید گمم نکنید 😂😂
https://ifilo.net/v/zz3G7oY,سندروم دست بی قرار
https://ifilo.net/v/zz0qIRR,کلیپ طنز وخنده دار انشالله خوشتون بیاد
https://ifilo.net/v/zz0GMr7,نحوه درست انتخاب در هر چیزی راه اصولی
https://ifilo.net/v/zyz6FJP,طنز شاد ایرانی جدید خنده دار
https://ifilo.net/v/zyyZiRu,دیس مهدی بیزیکسر بچه سال آپارات مهد کودکه
https://ifilo.net/v/zywtLST,عسیسم اخرش چرا اینطوری شد
https://ifilo.net/v/zywP2ol,میکس سریال چینی
https://ifilo.net/v/zywFvVb,چالش تیک تاک (صدبار گفتم رمز گوشیتونو به بچه ندین)???
https://ifilo.net/v/zyvUhsg,زبل خان قدیمی قسمت ۴ خنده دار فالو برابر با فالو
https://ifilo.net/v/zyuNQ6L,کلیپ رقصیدن هوتن شکیبا در پشت صحنه لیسانسه ها
https://ifilo.net/v/zytYXuL,تبریک عید سعید فطر
https://ifilo.net/v/zytIwFG,کلیپ طنز در مورد درک بهتر از عناصر در شیمی😄😄😄😄😄😄😄😄😄😄
https://ifilo.net/v/zysrauM,?حسن ریوندی?،طنز و خنده (ماه رمضان)??
https://ifilo.net/v/zysWdF7,استندآپ کمدی پیمان ابراهیمی در عصر جدید
https://ifilo.net/v/zysRJ28,چالش کدوم بیشتر کدوم کمتر با فرشاد سایلنت?
https://ifilo.net/v/zyrXxgR,رقص زیبای مازندرانی در پایتخت7
https://ifilo.net/v/zyrKHX7,دابسمش جالب مرکز قلب تهران
https://ifilo.net/v/zyqrvND,طنز سرشار از خنده حیوانات.جالب و بانمک
https://ifilo.net/v/zyqhQaK,مسابقه جوکر فصل ۱ قسمت ۴
https://ifilo.net/v/zynrKjP,طنز ٫ طنز خنده دار ٫ کلیپ طنز ایرانی ٫ طنز جدید انواع دعوا در ایران!  ویدیو خنده
https://ifilo.net/v/zymxXST,روایت جالب علی نصیریان از دوران شیرین کودکی‌اش
https://ifilo.net/v/zym9jRK,طنز گرانی بنزین حسن ریوندی
https://ifilo.net/v/zym52X4,کلیپ طنز صمد ممد   « زندان »
https://ifilo.net/v/zyluCLF,وضعیت من تو ماه رمضون?
https://ifilo.net/v/zylmpWa,کلیپ خنده دار و فان...
https://ifilo.net/v/zykmyOZ,مجموعه سریال انگشتری طنز بچه های قلعه گنج
https://ifilo.net/v/zyk8PI6,حال روز ما وقتی موزیک جدید پخش نشد??
https://ifilo.net/v/zyjZeQM,امین حیایی یه چیز گفت سالن ترکید
https://ifilo.net/v/zyjMaFx,پیام اشرف غنی به مردم افغانستان در برنامه آدم خان
https://ifilo.net/v/zyjAdt8,فیلم طنز ایرانی
https://ifilo.net/v/zyiWSmg,فیلم و کلیپ طنز ?از دیدن ان لذت ببرید??
https://ifilo.net/v/zyiUGJn,این داستان کتف مایی
https://ifilo.net/v/zyhcVOn,شوخی خرکی «اپ موزر و کچل کردن رفیق»
https://ifilo.net/v/zyh0Puz,طنز خنده دار جدید | گیر دادن خانوما | کلیپ طنز هلیا خزایی | طنز خنده دار
https://ifilo.net/v/zygKZj5,دریچه آه میکشد???
https://ifilo.net/v/zyfRJ28,حسن ریوندی - رانندگی دختر های خوشکل
