[
  {
    "link": "https://ifilo.net/v/zzzQ8pA",
    "title": "طنزازآرمیناحمدی"
  },
  {
    "link": "https://ifilo.net/v/zzyu2cg",
    "title": "کلیپطنزخندهدارجدیدجدیدباحال"
  },
  {
    "link": "https://ifilo.net/v/zzyjNPd",
    "title": "حسنریوندیجشنگودبایپوشک"
  },
  {
    "link": "https://ifilo.net/v/zzygVcL",
    "title": "ویدیوطنزخندهدارباحال"
  },
  {
    "link": "https://ifilo.net/v/zzweLAi",
    "title": "روضهخوانیروززن??لطفابهکانالتلگرامکرکرخندهبپیوندید"
  },
  {
    "link": "https://ifilo.net/v/zzvqpkx",
    "title": "معنیصلالاسترکهچیه؟/مومو/سلالاسترکه"
  },
  {
    "link": "https://ifilo.net/v/zzvOoHO",
    "title": "کلیپطنزدیونهبازیدختران"
  },
  {
    "link": "https://ifilo.net/v/zzufikh",
    "title": "واقعاچرادخترتودادیبهاین🙄"
  },
  {
    "link": "https://ifilo.net/v/zzu8yrA",
    "title": "طنزوقتیدخترمیبینیدوستزشتبهنظربیاد"
  },
  {
    "link": "https://ifilo.net/v/zztirnT",
    "title": "کلیپخندهدارفان"
  },
  {
    "link": "https://ifilo.net/v/zzt3GZa",
    "title": "کادوگرفتنمشهقولیدروقتشب"
  },
  {
    "link": "https://ifilo.net/v/zzpjbiD",
    "title": "کلیپطنزپریسانوشابه"
  },
  {
    "link": "https://ifilo.net/v/zzoe6lC",
    "title": "پیشاپیشماهمبارکرمضانمبارک"
  },
  {
    "link": "https://ifilo.net/v/zzmJX4H",
    "title": "دانلودسریالامرلیقسمتاولتانهم۹(سریالداعشیجدید)"
  },
  {
    "link": "https://ifilo.net/v/zzm7al6",
    "title": "دوربینمخفی.کمدی.سرگرمی"
  },
  {
    "link": "https://ifilo.net/v/zzm3kW0",
    "title": "کلیپطنزکامیار"
  },
  {
    "link": "https://ifilo.net/v/zzksOc1",
    "title": "کلیپخندهدارشکنجهتولهسگتوسطگربهها"
  },
  {
    "link": "https://ifilo.net/v/zzkZ0h5",
    "title": "دیریندیرینپیشگیریازکرونا"
  },
  {
    "link": "https://ifilo.net/v/zzkXvdC",
    "title": "بکجاچنینشتابان"
  },
  {
    "link": "https://ifilo.net/v/zzkI9UZ",
    "title": "فیلمارنستموجبصرفهجوییکریسمس"
  },
  {
    "link": "https://ifilo.net/v/zzjVFGy",
    "title": "واکنشهایبامزهینعیمهنظامدوستبهسوالاتمهرانمدیری۰"
  },
  {
    "link": "https://ifilo.net/v/zzj4irb",
    "title": "فرقبچههایقدیموبچههایجدید"
  },
  {
    "link": "https://ifilo.net/v/zziDUV0",
    "title": "کلیپطنزمارادورننداز????"
  },
  {
    "link": "https://ifilo.net/v/zziB1Yo",
    "title": "دوربینمخفیطنزجدیدترساندنخارجی"
  },
  {
    "link": "https://ifilo.net/v/zzhvArd",
    "title": "برنامهاسکارفصلدوم"
  },
  {
    "link": "https://ifilo.net/v/zzfysnF",
    "title": "کلیپطنزخانوممراقبقسمتششم"
  },
  {
    "link": "https://ifilo.net/v/zzfwIcR",
    "title": "طنزواکسنزدنطنزواکسنزدن"
  },
  {
    "link": "https://ifilo.net/v/zzfeAEa",
    "title": "??????????????????????❤️❤️❤️❤️❤️"
  },
  {
    "link": "https://ifilo.net/v/zzeViVX",
    "title": "طنزبازگشاییمدارس‌"
  },
  {
    "link": "https://ifilo.net/v/zzdPsFy",
    "title": "اجراطنزkdjdjdjhfd"
  },
  {
    "link": "https://ifilo.net/v/zzcSafR",
    "title": "مسابقهعجیبدرجهان"
  },
  {
    "link": "https://ifilo.net/v/zzZk5wS",
    "title": "فیلمسینمایی(گشتارشاد1)"
  },
  {
    "link": "https://ifilo.net/v/zzYW1h9",
    "title": "ایرانیاموقعدعا?"
  },
  {
    "link": "https://ifilo.net/v/zzYQADT",
    "title": "عاشقانه،خواندناهنگ،ایدخترا"
  },
  {
    "link": "https://ifilo.net/v/zzXnLlN",
    "title": "طنزجالبدیریندیرین-اینقسمتتیکاتوماتیک?"
  },
  {
    "link": "https://ifilo.net/v/zzWZh5Y",
    "title": "سگیکهفوتبالرابهمریخت"
  },
  {
    "link": "https://ifilo.net/v/zzTTvyI",
    "title": "کلیپسفریکهدوستدارمبرمچیزیکهدرتوانمه"
  },
  {
    "link": "https://ifilo.net/v/zzRSNbk",
    "title": "کلیپطنزحیواناتخانگیباحال۳۲۱"
  },
  {
    "link": "https://ifilo.net/v/zzRAyqj",
    "title": "استادهول🤣🤣تحولولاهندختاحولنرهکزهوب۵تب۷ابنوب"
  },
  {
    "link": "https://ifilo.net/v/zzQBdvK",
    "title": "کلیپخندهداردوستپسرگوزو"
  },
  {
    "link": "https://ifilo.net/v/zzPuXQI",
    "title": "طنز،طنز،طنز،طنز،طنز،طنز"
  },
  {
    "link": "https://ifilo.net/v/zzNPmcJ",
    "title": "دالوبگمنسا.بگمنسا.دوشهمخوموشیریجوتعریفاکردیم"
  },
  {
    "link": "https://ifilo.net/v/zzMJfLL",
    "title": "فیلملحظههایرقصکودکخندهدار"
  },
  {
    "link": "https://ifilo.net/v/zzLiemb",
    "title": "زندگیروزمرهسسماستی??"
  },
  {
    "link": "https://ifilo.net/v/zzLDG0P",
    "title": "دوربینمخفیخندهدار_طنزخندهدار........."
  },
  {
    "link": "https://ifilo.net/v/zzKbdZC",
    "title": "طنزمجتبیشفیعی|کلیپجدیدمجتبیشفیعی-رقصهندیدربهشت3"
  },
  {
    "link": "https://ifilo.net/v/zzKQWly",
    "title": "سکانسدیدنیوجذابازشبهایبررهبهکارگردانیمهرانمدیری"
  },
  {
    "link": "https://ifilo.net/v/zzKNRmy",
    "title": "استنداپخندهدارعلیفریادی..😂/رفتارهایمردمعادی.."
  },
  {
    "link": "https://ifilo.net/v/zzKH8Fn",
    "title": "آقافرشاد....؟"
  },
  {
    "link": "https://ifilo.net/v/zzJx7Qo",
    "title": "وایبیچارهسکتهکرد?"
  },
  {
    "link": "https://ifilo.net/v/zzJlTpj",
    "title": "برنامهبازییاراز❤️🔥🤩"
  },
  {
    "link": "https://ifilo.net/v/zzFcgNt",
    "title": "اینمیهطنزعالیبرایشماعزیزان😂🤣😂"
  },
  {
    "link": "https://ifilo.net/v/zzEeD4k",
    "title": "طنزخندهدار؛کلیپطنز؛طنزجدید؛کلیپخندهدار؛طنزساسانوفاطی"
  },
  {
    "link": "https://ifilo.net/v/zzDOCYf",
    "title": "حسنریوندی-ولنتاین"
  },
  {
    "link": "https://ifilo.net/v/zzDEVgr",
    "title": "تیزرشبهایمافیازودیاکقسمت8(شبهایمافیازودیاکفصلدوم)"
  },
  {
    "link": "https://ifilo.net/v/zzD87lQ",
    "title": "چارلیچاپلینجویندگانطلا۱۹۲۵"
  },
  {
    "link": "https://ifilo.net/v/zzD4KIx",
    "title": "کاریبابقیهندارموقتاونیکیدارهکجامیره"
  },
  {
    "link": "https://ifilo.net/v/zzCzrQr",
    "title": "جیغهایبنفشحامدآهنگیدربرنامهمهرانمدیری"
  },
  {
    "link": "https://ifilo.net/v/zzABp7N",
    "title": "وقتیپولدادیولیبچتمیگهمندیگهبازینمیکنم"
  },
  {
    "link": "https://ifilo.net/v/zz9XvwR",
    "title": "شستنگربهبهروشدههشصتیها"
  },
  {
    "link": "https://ifilo.net/v/zz9RuLv",
    "title": "برعکسپیانومیزد!..............................."
  },
  {
    "link": "https://ifilo.net/v/zz8NdKf",
    "title": "دیریندیرین-گونه‌هایکمیابخراسانجنوبی"
  },
  {
    "link": "https://ifilo.net/v/zz6VNjt",
    "title": "کمدیطنزبهزبانلری"
  },
  {
    "link": "https://ifilo.net/v/zz54OSh",
    "title": "لطفافالوکنیدگممنکنید😂😂"
  },
  {
    "link": "https://ifilo.net/v/zz3G7oY",
    "title": "سندرومدستبیقرار"
  },
  {
    "link": "https://ifilo.net/v/zz0qIRR",
    "title": "کلیپطنزوخندهدارانشاللهخوشتونبیاد"
  },
  {
    "link": "https://ifilo.net/v/zz0GMr7",
    "title": "نحوهدرستانتخابدرهرچیزیراهاصولی"
  },
  {
    "link": "https://ifilo.net/v/zyz6FJP",
    "title": "طنزشادایرانیجدیدخندهدار"
  },
  {
    "link": "https://ifilo.net/v/zyyZiRu",
    "title": "دیسمهدیبیزیکسربچهسالآپاراتمهدکودکه"
  },
  {
    "link": "https://ifilo.net/v/zywtLST",
    "title": "عسیسماخرشچرااینطوریشد"
  },
  {
    "link": "https://ifilo.net/v/zywP2ol",
    "title": "میکسسریالچینی"
  },
  {
    "link": "https://ifilo.net/v/zywFvVb",
    "title": "چالشتیکتاک(صدبارگفتمرمزگوشیتونوبهبچهندین)???"
  },
  {
    "link": "https://ifilo.net/v/zyvUhsg",
    "title": "زبلخانقدیمیقسمت۴خندهدارفالوبرابربافالو"
  },
  {
    "link": "https://ifilo.net/v/zyuNQ6L",
    "title": "کلیپرقصیدنهوتنشکیبادرپشتصحنهلیسانسهها"
  },
  {
    "link": "https://ifilo.net/v/zytYXuL",
    "title": "تبریکعیدسعیدفطر"
  },
  {
    "link": "https://ifilo.net/v/zytIwFG",
    "title": "کلیپطنزدرمورددرکبهترازعناصردرشیمی😄😄😄😄😄😄😄😄😄😄"
  },
  {
    "link": "https://ifilo.net/v/zysrauM",
    "title": "?حسنریوندی?،طنزوخنده(ماهرمضان)??"
  },
  {
    "link": "https://ifilo.net/v/zysWdF7",
    "title": "استندآپکمدیپیمانابراهیمیدرعصرجدید"
  },
  {
    "link": "https://ifilo.net/v/zysRJ28",
    "title": "چالشکدومبیشترکدومکمتربافرشادسایلنت?"
  },
  {
    "link": "https://ifilo.net/v/zyrXxgR",
    "title": "رقصزیبایمازندرانیدرپایتخت7"
  },
  {
    "link": "https://ifilo.net/v/zyrKHX7",
    "title": "دابسمشجالبمرکزقلبتهران"
  },
  {
    "link": "https://ifilo.net/v/zyqrvND",
    "title": "طنزسرشارازخندهحیوانات.جالبوبانمک"
  },
  {
    "link": "https://ifilo.net/v/zyqhQaK",
    "title": "مسابقهجوکرفصل۱قسمت۴"
  },
  {
    "link": "https://ifilo.net/v/zynrKjP",
    "title": "طنز٫طنزخندهدار٫کلیپطنزایرانی٫طنزجدیدانواعدعوادرایران!ویدیوخنده"
  },
  {
    "link": "https://ifilo.net/v/zymxXST",
    "title": "روایتجالبعلینصیریانازدورانشیرینکودکی‌اش"
  },
  {
    "link": "https://ifilo.net/v/zym9jRK",
    "title": "طنزگرانیبنزینحسنریوندی"
  },
  {
    "link": "https://ifilo.net/v/zym52X4",
    "title": "کلیپطنزصمدممد«زندان»"
  },
  {
    "link": "https://ifilo.net/v/zyluCLF",
    "title": "وضعیتمنتوماهرمضون?"
  },
  {
    "link": "https://ifilo.net/v/zylmpWa",
    "title": "کلیپخندهداروفان..."
  },
  {
    "link": "https://ifilo.net/v/zykmyOZ",
    "title": "مجموعهسریالانگشتریطنزبچههایقلعهگنج"
  },
  {
    "link": "https://ifilo.net/v/zyk8PI6",
    "title": "حالروزماوقتیموزیکجدیدپخشنشد??"
  },
  {
    "link": "https://ifilo.net/v/zyjZeQM",
    "title": "امینحیایییهچیزگفتسالنترکید"
  },
  {
    "link": "https://ifilo.net/v/zyjMaFx",
    "title": "پیاماشرفغنیبهمردمافغانستاندربرنامهآدمخان"
  },
  {
    "link": "https://ifilo.net/v/zyjAdt8",
    "title": "فیلمطنزایرانی"
  },
  {
    "link": "https://ifilo.net/v/zyiWSmg",
    "title": "فیلموکلیپطنز?ازدیدنانلذتببرید??"
  },
  {
    "link": "https://ifilo.net/v/zyiUGJn",
    "title": "اینداستانکتفمایی"
  },
  {
    "link": "https://ifilo.net/v/zyhcVOn",
    "title": "شوخیخرکی«اپموزروکچلکردنرفیق»"
  },
  {
    "link": "https://ifilo.net/v/zyh0Puz",
    "title": "طنزخندهدارجدید|گیردادنخانوما|کلیپطنزهلیاخزایی|طنزخندهدار"
  },
  {
    "link": "https://ifilo.net/v/zygKZj5",
    "title": "دریچهآهمیکشد???"
  },
  {
    "link": "https://ifilo.net/v/zyfRJ28",
    "title": "حسنریوندی-رانندگیدخترهایخوشکل"
  }
]