link,title
https://ifilo.net/v/V3DssGW,ویدیو تبریک عید قربان / عید قربان مبارک باد
https://ifilo.net/v/fRQH1uy,زیارت آل یاسین بسیار زیبا با کیفیت
https://ifilo.net/v/bikNN9N,نامه چهل و پنجم نهج البلاغه
https://ifilo.net/v/zSO7nfv,۱۳خانهای که فرشتگان وارد آنها نمی شود
https://ifilo.net/v/SpOVuWt,۶نشانه جادو شدن
https://ifilo.net/v/kJSaZGo,۱۳خانه ای که فرشتگان وارد آن نمی شوند
https://ifilo.net/v/4Ubysib,رسم دیرینۀ نذر گل برای امام حسین ع در آستانۀ فرارسیدن ماه محرم،روستای آزران از توابع شهر کاشان
https://ifilo.net/v/WY9ixK4,حـســیـن جـان..❤️🩹
https://ifilo.net/v/9FOWZDO,چیزی نمونده تا محرم😔🫲🏻❤️🩹
https://ifilo.net/v/iwUWLO6,زندگی امام حسن مجتبی (ع) کریم اهلبیت
https://ifilo.net/v/wgQRsfx,*امام خمینی(ره): من هـیچ حقی ندارم شماها خون دادید...*رحلت ـ امام_خمینی تسلیت🖤🥺
https://ifilo.net/v/6uwmt2m,فیلم سینمایی ایوب پیامبر( ع)
https://ifilo.net/v/cC2SrSG,به نام خدا یا علی موضوع سینمایی محمد رسول خدا
https://ifilo.net/v/jlP2pT7,طواف خانه خدا و اعمال حج
https://ifilo.net/v/I0In2LD,اقدام عجیب دو خانم زائرخانه خدا
https://ifilo.net/v/40eQ7dD,چقدر زیبا خوش صدا بنازم
https://ifilo.net/v/RWgrNSD,رزق روزانه هر روز تلاوت یک آیه شریفه از قرآن کریم سوره ابراهیم آیه 44
https://ifilo.net/v/aWmNHjO,برای شیعه بودنتان به عالمیان فخر بفروشید و با صدای بلند نام «علی» را فریاد بزنید
https://ifilo.net/v/qsDFgfE,کلیپ در مورد شهادت امام محمد باقر/استوری شهادت امام باقر (ع)
https://ifilo.net/v/FpM7jcB,سخن مولا علی : اگر از درون هم با خبر می شدید همدیگر را دفن نمی کردید !
https://ifilo.net/v/YZ1rpVD,تلاوت سوره نصر در جمع نظامیان مصر توسط استاد راغب غلوش
https://ifilo.net/v/eMC8iE3,ترجمه تصویری سوره شمس قرآن کریم
https://ifilo.net/v/797mhEa,قبح تقدیم مفضول بر فاضل در بحث دلیل عقلی بر امامت
https://ifilo.net/v/fnOqxMY,برداشتن سنگ قبر از مزار منسوب به حضرت عیسی
https://ifilo.net/v/Ye5A4rk,تفاوت میان تکبر و زیبایی دوستی ... استاد حسینی قزوینی ( شبکه حضرت ولیعصر عج )
https://ifilo.net/v/HcL9qDl,تحریف روایات آتش زدن خانه حضرت زهرا سلام الله علیها ( شبکه حضرت ولیعصر عج )
https://ifilo.net/v/eKFLCBB,بررسی شخصیت ابو هریره ... استاد بهرامی زاد ( شبکه حضرت ولیعصر عج )
https://ifilo.net/v/Iui0YFP,در قرآن کریم به چهار عید اشاره شد است ... استاد حسینی قزوینی ( شبکه حضرت ولیعصر عج )
https://ifilo.net/v/Y05naRI,ماجرای جنگ خیبر ( شبکه حضرت ولیعصر عج )
https://ifilo.net/v/Wk9Dd3R,گردن بند با برکت ( شبکه حضرت ولیعصر عج )
https://ifilo.net/v/108W1hi,کلیپ آهنگ شاد امام زمان عج کلیپ آهنگ شاد امام زمان عجل
https://ifilo.net/v/0uHaFBQ,توضیح فراز دعای رجبیه لا فرق بینک و بینها الا انهم عبادک
https://ifilo.net/v/G9TKwjI,پاسخ به شبهه اسلام رحمانی آقامیری ... استاد فتحی ( شبکه حضرت ولیعصر عج )
https://ifilo.net/v/vGODCyr,اسطوره سازی از اشخاص و حکومت ها... تاریخ بدون روتوش ( شبکه حضرت ولیعصر عج )
https://ifilo.net/v/quwwyhO,پاسخ به شبهه ای در خصوص مادر بزرگوار امام زمان عجل الله فرجه الشریف
https://ifilo.net/v/3Dp42FM,آیا امامت فقط مربوط جایگاه اجتماعی است؟(تحلیل و نقد مناظره قادری و انصاری)
https://ifilo.net/v/SHkUbfD,مناظره امام رضا علیه السلام در رد خلافت ابوبکر
https://ifilo.net/v/MbU3Uw8,مهدویت در قرآن ( معرفی مقاله گونه شناسی آیات مهدویت)
https://ifilo.net/v/NMQpPYc,نماهنگ سرود ولادت امام زمان و نیمه شعبان ( لبیک فرمانده )
https://ifilo.net/v/SJBkfEk,به چه دلیل حضرت لوط دختران خود را به قوم خود پیشنهاد داد؟...آیا از این قضیه زنا برداشت میشود؟
https://ifilo.net/v/XbiiQlK,پیامبر برخی از همسران خود را طلاق دادند ( شبکه حضرت ولیعصر عج )
https://ifilo.net/v/36JPUoJ,عدم سخت گیری در دین ( شبکه حضرت ولیعصر عج )
https://ifilo.net/v/pxmfGQH,شبهه خواستگاری از دختر ابو جهل ... استاد علی شریفی ( شبکه حضرت ولیعصر عج )
https://ifilo.net/v/5Ca7RHg,از سوال و طرح شبهه استقبال میکنیم ... استاد فتحی ( شبکه حضرت ولیعصر عج )
https://ifilo.net/v/WD8VPYG,آیا احکامی همچون قصاص متاثر از فرهنگ جاهلی اعراب بوده است؟ رد شبهه
https://ifilo.net/v/3QF4xAI,تکبر، گناه قلبی خانمان سوز ... استاد حسینی قزوینی ( شبکه حضرت ولیعصر عج )
https://ifilo.net/v/vHxQD16,سوال بیننده از استاد ابوالقاسمی راجع به شبهات پیرامون حدیث منزلت
https://ifilo.net/v/ImxBk2e,یاد شهادت حضرت زهرا سلام الله علیها در قنوت های نماز امیرالمؤمنین علی علیه السلام
https://ifilo.net/v/y7iHx9d,منم می خوام نگات کنم توام منو نگاه کنی
https://ifilo.net/v/Yybai16,شبهه ازدواج عمر با ام کلثوم ( شبکه حضرت ولیعصر عج )
https://ifilo.net/v/hcBbCrL,انواع قضا و قدر ... استاد فتحی ( شبکه حضرت ولیعصر عج )
https://ifilo.net/v/9kZH91n,خلاصه ای از ماجرای خیبر ... استاد عباسی ( شبکه حضرت ولیعصر عج )
https://ifilo.net/v/pOneqOh,توضیحاتی در خصوص مساله سهو النبی ( شبکه حضرت ولیعصر عج )
https://ifilo.net/v/5b8nqnW,عظمت و جایگاه علمی امام صادق علیه السلام در منابع اهل سنت
https://ifilo.net/v/ZEE95uP,سنت قرض الحسنه ( شبکه حضرت ولیعصر عج )
https://ifilo.net/v/GJXG28D,آیا کلمه مولی معنی اولی می دهد؟ ... استاد حسینی قزوینی ( شبکه حضرت ولیعصر عج )
https://ifilo.net/v/MiD1Z3A,سوال مخاطب عارف دباره تبار عیلام... تاریخ بدون روتوش ( شبکه حضرت ولیعصر عج )
https://ifilo.net/v/ca0B8B2,گریه های امام صادق علیه السلام در فراغ امام زمان صلوات الله علیه
https://ifilo.net/v/uxJWe4x,برخی اتفاقات قبل از قيامت ( سخنرانی کوتاه و شنیدنی حجت الاسلام عالی)
https://ifilo.net/v/U5UKLKX,پاسخ به شبهه ای در خصوص عصمت حضرت امیرالمومنین علی علیه السلام
https://ifilo.net/v/RQE8yjd,علت دفن شبانه حضرت زهرا سلام الله علیها ( شبکه حضرت ولیعصر عج )
https://ifilo.net/v/75EWlsl,شرح فرازی از دعای عرفه ( شبکه حضرت ولیعصر عج )
https://ifilo.net/v/JOebk81,خلافت امیرالمومنین علی براساس سنت عرب یک امر طبیعی بود( پاسخ به شبهه مزاح بودن حضرت علی (ع)
https://ifilo.net/v/Eluk7rY,دستور قرآن در مورد انتخاب خلیفه ( شبکه حضرت ولیعصر عج )
https://ifilo.net/v/kzXy7OB,برپایی قيامت - پناه بر خدا( سخنرانی کوتاه و شنیدنی حجت الاسلام عالی)
https://ifilo.net/v/ds0r5Jy,از راه های آرامش در کلام استاد قرائتی
https://ifilo.net/v/ywwmyF1,بخشیدن دیگران. ( سخنرانی کوتاه و شنیدنی حجت الاسلام عالی)
https://ifilo.net/v/eIvWAjR,شناخت امام زمان (عج)
https://ifilo.net/v/omSZqfo,آيا مطالعه مباحث مربوط به مرگ و عالم برزخ باعث افسردگي جوانان نمي شود!!؟ سخنرانی
https://ifilo.net/v/Br4eUIm,سالروز ازدواج حضرت علی علیه السلام و حضرت زهرا سلام الله علیها
https://ifilo.net/v/0dDQlwM,آيا گناهانيکه از آنها توبه می کنيم از پرونده اعمالمان پاک مي شوند؟سخنرانی  استاد عالی
https://ifilo.net/v/CArtUjT,آيا عقيده به رجعت کفار در زمان ظهور با آيات قرآن تضاد ندارد؟( سخنرانی کوتاه و شنیدنی استادعالی)
https://ifilo.net/v/ZSRkeZZ,آيا زندگی در بهشت تکراری نخواهد شد!؟(سخنرانی کوتاه و شنیدنی حجت الاسلام عالی)
https://ifilo.net/v/zpEqCKx,آيا دستوراتی که اموات در خواب به ما ميدهند برای ما الزام آور است؟ (سخنرانی کوتاه حجت الاسلام عالی)
https://ifilo.net/v/9cYHaRQ,آيا خانمی که عذر شرعی دارد می تواند دعا و قرآن بخواند؟(سخنرانی  شنیدنی حجت الاسلام والمسلمین عالی)
https://ifilo.net/v/rYDb04v,مرک نيستی نیست بلکه آغاز یک ....
https://ifilo.net/v/ADyPL7I,مداحی برتر شور عالی پورکاوه-فرمانده لشکر بابا
https://ifilo.net/v/9Yox3mf,مداحی برتر سید جواد ذاکر _ غریب مادر _ Seyed Javad Zaker _ Strange Mother
https://ifilo.net/v/3XevuJx,مداحی برتر سید جواد ذاکر - یه عمره به عشق تو بی قرار اسیرم
https://ifilo.net/v/ZsT6DFK,مداحی برتر سیب سرخی مداحی سنگین.  بسیارزیبا
https://ifilo.net/v/hwBzbSZ,مداحی برتر سیب سرخی قدیمی  - زینب زینب زینب الگوی وفا  زینب
https://ifilo.net/v/DFVFDTf,مداحی برتر سیب سرخی . ای شاه دلم. حتما گوش بدین
https://ifilo.net/v/tDndn9z,مداحی برتر سرازیر بازم اشک های زینبی که دلش سیره جواد مقدم
https://ifilo.net/v/ScH0Erh,کلیپ تصویری: خانه پدری
https://ifilo.net/v/HqKh2A5,استوری: امیر قلب من
https://ifilo.net/v/xBshZe0,مداحی برتر زنجیر برام بیارید امشب جنون گرفتم - سیب سرخی 1385
https://ifilo.net/v/7koOWgJ,کلیپ تصویری: دعای اللهم رب شهر رمضان
https://ifilo.net/v/XsXPH32,صدای ناقوس کلیسای مسیحیان از زبان مولا امیرالمؤمنین (علیه السلام)
https://ifilo.net/v/utGcFhV,کلیپ تصویری احکام ماه مبارک رمضان: فراموش کردن نیت روزه
https://ifilo.net/v/DQxlhnj,استوری: ماه امید
https://ifilo.net/v/QEneKPM,استوری: بنده پشیمان
https://ifilo.net/v/VHLaRR3,سید جواد ذاکر -مداحی برتر میخوام امشب وبخونم واستون از سر احساس
https://ifilo.net/v/LhJ3Ymv,کلیپ تصویری: شب قدر شب میهمانی خاص خدا
https://ifilo.net/v/NQFdu14,کلیپ تصویری: بلایی که فکرشم نمیکنیم
https://ifilo.net/v/d1ssuVK,کلیپ تصویری: انگیزه مومنین بعد از شب های قدر
https://ifilo.net/v/M3sJtg6,استوری شب قدر 8
https://ifilo.net/v/4Wrj5TT,کلیپ تصویری: مناجات با خدا - یا ربی العفو
https://ifilo.net/v/LNVPHCi,استوری شب قدر 7
https://ifilo.net/v/QBOX3Us,کلیپ تصویری: ساختمان گران قیمت خدا
https://ifilo.net/v/y0Q1ujN,کلیپ تصویری: هلال طوس به مناسبت عید فطر
