[
  {
    "link": "https://ifilo.net/v/V3DssGW",
    "title": "ویدیوتبریکعیدقربان/عیدقربانمبارکباد"
  },
  {
    "link": "https://ifilo.net/v/fRQH1uy",
    "title": "زیارتآلیاسینبسیارزیباباکیفیت"
  },
  {
    "link": "https://ifilo.net/v/bikNN9N",
    "title": "نامهچهلوپنجمنهجالبلاغه"
  },
  {
    "link": "https://ifilo.net/v/zSO7nfv",
    "title": "۱۳خانهایکهفرشتگانواردآنهانمیشود"
  },
  {
    "link": "https://ifilo.net/v/SpOVuWt",
    "title": "۶نشانهجادوشدن"
  },
  {
    "link": "https://ifilo.net/v/kJSaZGo",
    "title": "۱۳خانهایکهفرشتگانواردآننمیشوند"
  },
  {
    "link": "https://ifilo.net/v/4Ubysib",
    "title": "رسمدیرینۀنذرگلبرایامامحسینعدرآستانۀفرارسیدنماهمحرم،روستایآزرانازتوابعشهرکاشان"
  },
  {
    "link": "https://ifilo.net/v/WY9ixK4",
    "title": "حـســیـنجـان..❤️🩹"
  },
  {
    "link": "https://ifilo.net/v/9FOWZDO",
    "title": "چیزینموندهتامحرم😔🫲🏻❤️🩹"
  },
  {
    "link": "https://ifilo.net/v/iwUWLO6",
    "title": "زندگیامامحسنمجتبی(ع)کریماهلبیت"
  },
  {
    "link": "https://ifilo.net/v/wgQRsfx",
    "title": "*امامخمینی(ره):منهـیچحقیندارمشماهاخوندادید...*رحلتـامام_خمینیتسلیت🖤🥺"
  },
  {
    "link": "https://ifilo.net/v/6uwmt2m",
    "title": "فیلمسینماییایوبپیامبر(ع)"
  },
  {
    "link": "https://ifilo.net/v/cC2SrSG",
    "title": "بهنامخدایاعلیموضوعسینماییمحمدرسولخدا"
  },
  {
    "link": "https://ifilo.net/v/jlP2pT7",
    "title": "طوافخانهخداواعمالحج"
  },
  {
    "link": "https://ifilo.net/v/I0In2LD",
    "title": "اقدامعجیبدوخانمزائرخانهخدا"
  },
  {
    "link": "https://ifilo.net/v/40eQ7dD",
    "title": "چقدرزیباخوشصدابنازم"
  },
  {
    "link": "https://ifilo.net/v/RWgrNSD",
    "title": "رزقروزانههرروزتلاوتیکآیهشریفهازقرآنکریمسورهابراهیمآیه44"
  },
  {
    "link": "https://ifilo.net/v/aWmNHjO",
    "title": "برایشیعهبودنتانبهعالمیانفخربفروشیدوباصدایبلندنام«علی»رافریادبزنید"
  },
  {
    "link": "https://ifilo.net/v/qsDFgfE",
    "title": "کلیپدرموردشهادتاماممحمدباقر/استوریشهادتامامباقر(ع)"
  },
  {
    "link": "https://ifilo.net/v/FpM7jcB",
    "title": "سخنمولاعلی:اگرازدرونهمباخبرمیشدیدهمدیگررادفننمیکردید!"
  },
  {
    "link": "https://ifilo.net/v/YZ1rpVD",
    "title": "تلاوتسورهنصردرجمعنظامیانمصرتوسطاستادراغبغلوش"
  },
  {
    "link": "https://ifilo.net/v/eMC8iE3",
    "title": "ترجمهتصویریسورهشمسقرآنکریم"
  },
  {
    "link": "https://ifilo.net/v/797mhEa",
    "title": "قبحتقدیممفضولبرفاضلدربحثدلیلعقلیبرامامت"
  },
  {
    "link": "https://ifilo.net/v/fnOqxMY",
    "title": "برداشتنسنگقبرازمزارمنسوببهحضرتعیسی"
  },
  {
    "link": "https://ifilo.net/v/Ye5A4rk",
    "title": "تفاوتمیانتکبروزیباییدوستی...استادحسینیقزوینی(شبکهحضرتولیعصرعج)"
  },
  {
    "link": "https://ifilo.net/v/HcL9qDl",
    "title": "تحریفروایاتآتشزدنخانهحضرتزهراسلاماللهعلیها(شبکهحضرتولیعصرعج)"
  },
  {
    "link": "https://ifilo.net/v/eKFLCBB",
    "title": "بررسیشخصیتابوهریره...استادبهرامیزاد(شبکهحضرتولیعصرعج)"
  },
  {
    "link": "https://ifilo.net/v/Iui0YFP",
    "title": "درقرآنکریمبهچهارعیداشارهشداست...استادحسینیقزوینی(شبکهحضرتولیعصرعج)"
  },
  {
    "link": "https://ifilo.net/v/Y05naRI",
    "title": "ماجرایجنگخیبر(شبکهحضرتولیعصرعج)"
  },
  {
    "link": "https://ifilo.net/v/Wk9Dd3R",
    "title": "گردنبندبابرکت(شبکهحضرتولیعصرعج)"
  },
  {
    "link": "https://ifilo.net/v/108W1hi",
    "title": "کلیپآهنگشادامامزمانعجکلیپآهنگشادامامزمانعجل"
  },
  {
    "link": "https://ifilo.net/v/0uHaFBQ",
    "title": "توضیحفرازدعایرجبیهلافرقبینکوبینهاالاانهمعبادک"
  },
  {
    "link": "https://ifilo.net/v/G9TKwjI",
    "title": "پاسخبهشبههاسلامرحمانیآقامیری...استادفتحی(شبکهحضرتولیعصرعج)"
  },
  {
    "link": "https://ifilo.net/v/vGODCyr",
    "title": "اسطورهسازیازاشخاصوحکومتها...تاریخبدونروتوش(شبکهحضرتولیعصرعج)"
  },
  {
    "link": "https://ifilo.net/v/quwwyhO",
    "title": "پاسخبهشبههایدرخصوصمادربزرگوارامامزمانعجلاللهفرجهالشریف"
  },
  {
    "link": "https://ifilo.net/v/3Dp42FM",
    "title": "آیاامامتفقطمربوطجایگاهاجتماعیاست؟(تحلیلونقدمناظرهقادریوانصاری)"
  },
  {
    "link": "https://ifilo.net/v/SHkUbfD",
    "title": "مناظرهامامرضاعلیهالسلامدرردخلافتابوبکر"
  },
  {
    "link": "https://ifilo.net/v/MbU3Uw8",
    "title": "مهدویتدرقرآن(معرفیمقالهگونهشناسیآیاتمهدویت)"
  },
  {
    "link": "https://ifilo.net/v/NMQpPYc",
    "title": "نماهنگسرودولادتامامزمانونیمهشعبان(لبیکفرمانده)"
  },
  {
    "link": "https://ifilo.net/v/SJBkfEk",
    "title": "بهچهدلیلحضرتلوطدخترانخودرابهقومخودپیشنهادداد؟...آیاازاینقضیهزنابرداشتمیشود؟"
  },
  {
    "link": "https://ifilo.net/v/XbiiQlK",
    "title": "پیامبربرخیازهمسرانخودراطلاقدادند(شبکهحضرتولیعصرعج)"
  },
  {
    "link": "https://ifilo.net/v/36JPUoJ",
    "title": "عدمسختگیریدردین(شبکهحضرتولیعصرعج)"
  },
  {
    "link": "https://ifilo.net/v/pxmfGQH",
    "title": "شبههخواستگاریازدخترابوجهل...استادعلیشریفی(شبکهحضرتولیعصرعج)"
  },
  {
    "link": "https://ifilo.net/v/5Ca7RHg",
    "title": "ازسوالوطرحشبههاستقبالمیکنیم...استادفتحی(شبکهحضرتولیعصرعج)"
  },
  {
    "link": "https://ifilo.net/v/WD8VPYG",
    "title": "آیااحکامیهمچونقصاصمتاثرازفرهنگجاهلیاعراببودهاست؟ردشبهه"
  },
  {
    "link": "https://ifilo.net/v/3QF4xAI",
    "title": "تکبر،گناهقلبیخانمانسوز...استادحسینیقزوینی(شبکهحضرتولیعصرعج)"
  },
  {
    "link": "https://ifilo.net/v/vHxQD16",
    "title": "سوالبینندهازاستادابوالقاسمیراجعبهشبهاتپیرامونحدیثمنزلت"
  },
  {
    "link": "https://ifilo.net/v/ImxBk2e",
    "title": "یادشهادتحضرتزهراسلاماللهعلیهادرقنوتهاینمازامیرالمؤمنینعلیعلیهالسلام"
  },
  {
    "link": "https://ifilo.net/v/y7iHx9d",
    "title": "منممیخوامنگاتکنمتواممنونگاهکنی"
  },
  {
    "link": "https://ifilo.net/v/Yybai16",
    "title": "شبههازدواجعمرباامکلثوم(شبکهحضرتولیعصرعج)"
  },
  {
    "link": "https://ifilo.net/v/hcBbCrL",
    "title": "انواعقضاوقدر...استادفتحی(شبکهحضرتولیعصرعج)"
  },
  {
    "link": "https://ifilo.net/v/9kZH91n",
    "title": "خلاصهایازماجرایخیبر...استادعباسی(شبکهحضرتولیعصرعج)"
  },
  {
    "link": "https://ifilo.net/v/pOneqOh",
    "title": "توضیحاتیدرخصوصمسالهسهوالنبی(شبکهحضرتولیعصرعج)"
  },
  {
    "link": "https://ifilo.net/v/5b8nqnW",
    "title": "عظمتوجایگاهعلمیامامصادقعلیهالسلامدرمنابعاهلسنت"
  },
  {
    "link": "https://ifilo.net/v/ZEE95uP",
    "title": "سنتقرضالحسنه(شبکهحضرتولیعصرعج)"
  },
  {
    "link": "https://ifilo.net/v/GJXG28D",
    "title": "آیاکلمهمولیمعنیاولیمیدهد؟...استادحسینیقزوینی(شبکهحضرتولیعصرعج)"
  },
  {
    "link": "https://ifilo.net/v/MiD1Z3A",
    "title": "سوالمخاطبعارفدبارهتبارعیلام...تاریخبدونروتوش(شبکهحضرتولیعصرعج)"
  },
  {
    "link": "https://ifilo.net/v/ca0B8B2",
    "title": "گریههایامامصادقعلیهالسلامدرفراغامامزمانصلواتاللهعلیه"
  },
  {
    "link": "https://ifilo.net/v/uxJWe4x",
    "title": "برخیاتفاقاتقبلازقيامت(سخنرانیکوتاهوشنیدنیحجتالاسلامعالی)"
  },
  {
    "link": "https://ifilo.net/v/U5UKLKX",
    "title": "پاسخبهشبههایدرخصوصعصمتحضرتامیرالمومنینعلیعلیهالسلام"
  },
  {
    "link": "https://ifilo.net/v/RQE8yjd",
    "title": "علتدفنشبانهحضرتزهراسلاماللهعلیها(شبکهحضرتولیعصرعج)"
  },
  {
    "link": "https://ifilo.net/v/75EWlsl",
    "title": "شرحفرازیازدعایعرفه(شبکهحضرتولیعصرعج)"
  },
  {
    "link": "https://ifilo.net/v/JOebk81",
    "title": "خلافتامیرالمومنینعلیبراساسسنتعربیکامرطبیعیبود(پاسخبهشبههمزاحبودنحضرتعلی(ع)"
  },
  {
    "link": "https://ifilo.net/v/Eluk7rY",
    "title": "دستورقرآندرموردانتخابخلیفه(شبکهحضرتولیعصرعج)"
  },
  {
    "link": "https://ifilo.net/v/kzXy7OB",
    "title": "برپاییقيامت-پناهبرخدا(سخنرانیکوتاهوشنیدنیحجتالاسلامعالی)"
  },
  {
    "link": "https://ifilo.net/v/ds0r5Jy",
    "title": "ازراههایآرامشدرکلاماستادقرائتی"
  },
  {
    "link": "https://ifilo.net/v/ywwmyF1",
    "title": "بخشیدندیگران.(سخنرانیکوتاهوشنیدنیحجتالاسلامعالی)"
  },
  {
    "link": "https://ifilo.net/v/eIvWAjR",
    "title": "شناختامامزمان(عج)"
  },
  {
    "link": "https://ifilo.net/v/omSZqfo",
    "title": "آيامطالعهمباحثمربوطبهمرگوعالمبرزخباعثافسردگيجواناننميشود!!؟سخنرانی"
  },
  {
    "link": "https://ifilo.net/v/Br4eUIm",
    "title": "سالروزازدواجحضرتعلیعلیهالسلاموحضرتزهراسلاماللهعلیها"
  },
  {
    "link": "https://ifilo.net/v/0dDQlwM",
    "title": "آياگناهانيکهازآنهاتوبهمیکنيمازپروندهاعمالمانپاکميشوند؟سخنرانیاستادعالی"
  },
  {
    "link": "https://ifilo.net/v/CArtUjT",
    "title": "آياعقيدهبهرجعتکفاردرزمانظهورباآياتقرآنتضادندارد؟(سخنرانیکوتاهوشنیدنیاستادعالی)"
  },
  {
    "link": "https://ifilo.net/v/ZSRkeZZ",
    "title": "آيازندگیدربهشتتکرارینخواهدشد!؟(سخنرانیکوتاهوشنیدنیحجتالاسلامعالی)"
  },
  {
    "link": "https://ifilo.net/v/zpEqCKx",
    "title": "آيادستوراتیکهامواتدرخواببهماميدهندبرایماالزامآوراست؟(سخنرانیکوتاهحجتالاسلامعالی)"
  },
  {
    "link": "https://ifilo.net/v/9cYHaRQ",
    "title": "آياخانمیکهعذرشرعیداردمیتوانددعاوقرآنبخواند؟(سخنرانیشنیدنیحجتالاسلاموالمسلمینعالی)"
  },
  {
    "link": "https://ifilo.net/v/rYDb04v",
    "title": "مرکنيستینیستبلکهآغازیک...."
  },
  {
    "link": "https://ifilo.net/v/ADyPL7I",
    "title": "مداحیبرترشورعالیپورکاوه-فرماندهلشکربابا"
  },
  {
    "link": "https://ifilo.net/v/9Yox3mf",
    "title": "مداحیبرترسیدجوادذاکر_غریبمادر_SeyedJavadZaker_StrangeMother"
  },
  {
    "link": "https://ifilo.net/v/3XevuJx",
    "title": "مداحیبرترسیدجوادذاکر-یهعمرهبهعشقتوبیقراراسیرم"
  },
  {
    "link": "https://ifilo.net/v/ZsT6DFK",
    "title": "مداحیبرترسیبسرخیمداحیسنگین.بسیارزیبا"
  },
  {
    "link": "https://ifilo.net/v/hwBzbSZ",
    "title": "مداحیبرترسیبسرخیقدیمی-زینبزینبزینبالگویوفازینب"
  },
  {
    "link": "https://ifilo.net/v/DFVFDTf",
    "title": "مداحیبرترسیبسرخی.ایشاهدلم.حتماگوشبدین"
  },
  {
    "link": "https://ifilo.net/v/tDndn9z",
    "title": "مداحیبرترسرازیربازماشکهایزینبیکهدلشسیرهجوادمقدم"
  },
  {
    "link": "https://ifilo.net/v/ScH0Erh",
    "title": "کلیپتصویری:خانهپدری"
  },
  {
    "link": "https://ifilo.net/v/HqKh2A5",
    "title": "استوری:امیرقلبمن"
  },
  {
    "link": "https://ifilo.net/v/xBshZe0",
    "title": "مداحیبرترزنجیربرامبیاریدامشبجنونگرفتم-سیبسرخی1385"
  },
  {
    "link": "https://ifilo.net/v/7koOWgJ",
    "title": "کلیپتصویری:دعایاللهمربشهررمضان"
  },
  {
    "link": "https://ifilo.net/v/XsXPH32",
    "title": "صدایناقوسکلیسایمسیحیاناززبانمولاامیرالمؤمنین(علیهالسلام)"
  },
  {
    "link": "https://ifilo.net/v/utGcFhV",
    "title": "کلیپتصویریاحکامماهمبارکرمضان:فراموشکردننیتروزه"
  },
  {
    "link": "https://ifilo.net/v/DQxlhnj",
    "title": "استوری:ماهامید"
  },
  {
    "link": "https://ifilo.net/v/QEneKPM",
    "title": "استوری:بندهپشیمان"
  },
  {
    "link": "https://ifilo.net/v/VHLaRR3",
    "title": "سیدجوادذاکر-مداحیبرترمیخوامامشبوبخونمواستونازسراحساس"
  },
  {
    "link": "https://ifilo.net/v/LhJ3Ymv",
    "title": "کلیپتصویری:شبقدرشبمیهمانیخاصخدا"
  },
  {
    "link": "https://ifilo.net/v/NQFdu14",
    "title": "کلیپتصویری:بلاییکهفکرشمنمیکنیم"
  },
  {
    "link": "https://ifilo.net/v/d1ssuVK",
    "title": "کلیپتصویری:انگیزهمومنینبعدازشبهایقدر"
  },
  {
    "link": "https://ifilo.net/v/M3sJtg6",
    "title": "استوریشبقدر8"
  },
  {
    "link": "https://ifilo.net/v/4Wrj5TT",
    "title": "کلیپتصویری:مناجاتباخدا-یاربیالعفو"
  },
  {
    "link": "https://ifilo.net/v/LNVPHCi",
    "title": "استوریشبقدر7"
  },
  {
    "link": "https://ifilo.net/v/QBOX3Us",
    "title": "کلیپتصویری:ساختمانگرانقیمتخدا"
  },
  {
    "link": "https://ifilo.net/v/y0Q1ujN",
    "title": "کلیپتصویری:هلالطوسبهمناسبتعیدفطر"
  }
]