link,title
https://ifilo.net/v/L1dXwpL,دانلود مستند Filmworker 2017
https://ifilo.net/v/Q5YuhY5,دانلود مستند داستان پیکسار The Pixar Story 2007
https://ifilo.net/v/z7jU3pH,آموزش تکه دوزی ستاره - میشه تو 8 دقیقه تکه دوزی یاد گرفت
https://ifilo.net/v/13k0k2X,کشیدن نقاشی فیل به راحتی
https://ifilo.net/v/vu6IIGe,ایده شمع گل آلاله
https://ifilo.net/v/zAf4Iyc,دکلمه شعر نیلکوه باشکوه شاملو طبیعت زیبا
https://ifilo.net/v/XG3jhcF,دکلمه شعر نو از دلنوشته های خودم دلنوشته ها حرف های من
https://ifilo.net/v/fzSvR9k,آموزش نقاشی آسان عروسک لابوبو برای کودکان
https://ifilo.net/v/Mlxlxtv,ای آنکه مرابرده ای از یاد کجایی؟بیگانه شدی؟
https://ifilo.net/v/Cu2sz0I,حقیقت زیبا شاید هم تلخ
https://ifilo.net/v/cdVebOK,نمایش بسیاربسیار دیدنی
https://ifilo.net/v/OkEQtmn,هزارویک موناکرمی و سپندامیرسلیمانی
https://ifilo.net/v/5Ozg3ON,دکلمه زیبا از خانم دکتر معروف
https://ifilo.net/v/jY55Pyz,نقاشی آمبولانس | نقاشی ماشین | نقاشی اتومبیل | نقاشی ساده | آموزش نقاشی کودکانه
https://ifilo.net/v/xcwv9LJ,آموزش نقاشی فضایی | نقاشی استیچ | نقاشی ساده و آسان | آموزش نقاشی کودکانه
https://ifilo.net/v/zIcPakv,گلدوزی گل واژگون
https://ifilo.net/v/OyXkziS,اگه نقاشی بچه ها به واقعیت تبدیل بشه/ از نگاه هوش مصنوعی
https://ifilo.net/v/PjSqaTK,طراحی درفش شهباز،  نقاشی ایران باستان ، هخامنشی
https://ifilo.net/v/yKhzmi8,نقاشی دیجیتال سنجاب در حال جویدن چوب
https://ifilo.net/v/CU8YwQO,نقاشی دیجیتال بستنی با طعم توت های جنگلی و تزئین گیلاس
https://ifilo.net/v/L8ODIBK,نقاشی دیجیتال کاغذ رنگی ته لیوان
https://ifilo.net/v/oT4xNX8,نقاشی دیجیتال پیراشکی گوشت
https://ifilo.net/v/L9pcNWt,نقاشی دیجیتال مدل لباس مجلسی با الهام از دریا
https://ifilo.net/v/u6eHwca,نقاشی دیجیتال ماهی گلی
https://ifilo.net/v/2pA8zQS,نقاشی دیجیتال گل داوودی هفت رنگ
https://ifilo.net/v/KfwOkUj,نقاشی دیجیتال گیلاس
https://ifilo.net/v/131QJOG,نقاشی دیجیتال سیخ چوبی میوه
https://ifilo.net/v/Jh858yT,نقاشی دیجیتال استیکر گربه
https://ifilo.net/v/n9ocXis,نقاشی دیجیتال موش خندان کنجکاو
https://ifilo.net/v/Kv5vbje,نقاشی دیجیتال مدل عکاسی از لوازم آرایشی
https://ifilo.net/v/tHvncDm,نقاشی دیجیتال تله کابین
https://ifilo.net/v/HbCMh48,نقاشی دیجیتال گربه های وحشی عاشق
https://ifilo.net/v/7zoA57n,دوخت یقه زیبا و جذاب
https://ifilo.net/v/fONLQgY,خط تحریری با خودکار،  خط شکسته،  متن ناب،  متن خاص
https://ifilo.net/v/D2WvD11,متن ناب، متن عاشقانه، متن خاص، متن سنگین، خط تحریری،  خط شکسته
https://ifilo.net/v/D0A4zm6,خلاقیت /نقاشی/فکر /با طراحی روی دست
https://ifilo.net/v/MSx0Gs3,حرف دل در کلام شعر
https://ifilo.net/v/1PNHpNO,رقص کردی بسیار زیبا از دختران کرد
https://ifilo.net/v/rnpQhgc,رهی معیری وشکایت وی از دست زن
https://ifilo.net/v/CBhIAqc,معجزه هنر و نقاشی/نقاشی/هنری
https://ifilo.net/v/2BezdEi,خندیدن آقای خامنه ای چه شکلی است فیلم رادین
https://ifilo.net/v/HSawhh8,طراحی شیر بالدار هخامنشی ، نقاشی ایران باستان
https://ifilo.net/v/kxJfp05,بیان شعری در وصف رفیق، از دکتر بهروز اتونی
https://ifilo.net/v/LtwiQMW,ابی و قرمز و نارجی همه باهم
https://ifilo.net/v/I4N6wAC,نقاشی های لوئیس وین
https://ifilo.net/v/6AweE0u,دلربا دلنشین شیرین ادا نازنین
https://ifilo.net/v/jTg6FzN,اوریگامی عقرب با کاغذ رنگی
https://ifilo.net/v/WfAcIdd,اینطوری آدم برفی بکش نقاشی طراحی
https://ifilo.net/v/gcxm3YU,نقاشی طراحی بامزه
https://ifilo.net/v/BUr4S2c,اوریگامی با کاغذ رنگی لاک پشت
https://ifilo.net/v/XVTCfFk,هنر نزد ایرانیان است وبس
https://ifilo.net/v/seF8TV1,شوخی های ایرانی
https://ifilo.net/v/ii5YI4Q,اجرای هنرمند در مراسم  هنری
https://ifilo.net/v/6aAX2hS,نقاشی توپ فوتبال | نقاشی با استفاده از دایره | نقاشی آسان | آموزش نقاشی کودکانه
https://ifilo.net/v/WBMLUAy,نقاشی پرنسس | نقاشی دختر زیبا | نقاشی واندر ومن | آموزش نقاشی کودکانه
https://ifilo.net/v/xXakEmb,نقاشی پسر کیوت | نقاشی شازده کوچولو | نقاشی آسان | آموزش نقاشی کودکانه
https://ifilo.net/v/QQ3c3Io,نقاشی اسب شطرنج | نقاشی حیوانات | نقاشی ساده | آموزش نقاشی کودکانه
https://ifilo.net/v/tvFUp3E,شکل های زیبا و متفاوت
https://ifilo.net/v/vd40Cln,داستان های شاهنامه فرودوسی بسیار آموزنده
https://ifilo.net/v/qXGlZiw,جوجه خوشگل و باحال خذاب
https://ifilo.net/v/MrTm2UC,آموزش ساخت کاردستی و نقاشی خلاقانه با خمیر بازی | سرگرمی آموزشی برای کودکان
https://ifilo.net/v/qx46rIy,سرود ساربان از استاد شهریار
https://ifilo.net/v/E6WXAJP,کلیپ آنباکس عروسک های کرومی و دوستان کلیپ کیوت بامزه دخترونه کیومی
https://ifilo.net/v/A8WHvqc,آنباکس کیوت عروسک کرومی خواننده کلیپ کیوت کرومی و دوستان
https://ifilo.net/v/iLJ4x23,حمام ابراهیم خان در کرمان که به موزه جواهرات تبدیل شده
https://ifilo.net/v/TVPMQLO,یک فلیم خنده نگاه کنیم روحیه خوبی می گیرد لطفاً فالو کنید
https://ifilo.net/v/EhiOVll,غزلهای شیرین و دلنواز از استاد شهریار
https://ifilo.net/v/WMsgElD,آموزش نقاشی همبرگر بسیار آسان و زیبا
https://ifilo.net/v/9P0gPyr,آموزش نقاشی ملودی با چشم های خوشگل
https://ifilo.net/v/kBQtgLo,نقاشی ملودی بسیار زیبا و آسان
https://ifilo.net/v/6WgsOpt,بهترین ها را باما باشید
https://ifilo.net/v/a9eJ9V1,نقاشی دختر زیبا | نقاشی کیوت | نقاشی آسان و ساده | آموزش نقاشی کودکانه
https://ifilo.net/v/0hHMRGI,زال و رودابه : معروف ترین داستان عاشقانه ی شاهنامه
https://ifilo.net/v/8QLucSe,منظره از یک مجسمه زیبا
https://ifilo.net/v/aQHqkmq,هیروبراین قوی ههههههههههه
https://ifilo.net/v/KmIXtOS,پاک کن سفید در 3 سایز
https://ifilo.net/v/UlSfP8Z,شمع عطری تزئینی ظرفی مونولیزا Monolisa
https://ifilo.net/v/7dCmi5M,ساده ترین روش ساختن رنگین کمان
https://ifilo.net/v/pgqN4Qh,دانلود جوکر 2 فصل 6 قسمت 6 (فینال بانوان سری جدید)/ ریلیتی شو جوکر BLURAY
https://ifilo.net/v/nzhkSIO,نقاشی دیجیتال لاله های کریستالی
https://ifilo.net/v/hwomWAD,نقاشی دیجیتال انگشتر با یاقوت قلبی
https://ifilo.net/v/5gxQOky,نقاشی دیجیتال اسب زیبای وحشی
https://ifilo.net/v/6syyNHj,نقاشی دیجیتال هاپوی پشمالو
https://ifilo.net/v/mblzmyW,نقاشی دیجیتال کیک خانگی با تزئین سیب و گردو
https://ifilo.net/v/3VWU5nV,نقاشی دیجیتال مرغ حنایی و جوجه هایش
https://ifilo.net/v/3x3gabv,خوشنویسی متفاوت روی اشیا
https://ifilo.net/v/IPiGRyJ,دیزاین کیک زیبا و هنرمندانه ✨️🍰
https://ifilo.net/v/So0GveL,هلپرکەی کوردی کیژانی ڕۆژهەڵات
https://ifilo.net/v/FjyvSGC,رمان ناسازگارم از نویسنده نازنین کاوسی مقدم معرفی شخصیت های اصلی رمان ناسازگارم
https://ifilo.net/v/S7ii6YF,تولد مبارک باشه عزیزان خرداددماهی
https://ifilo.net/v/U2WIjRj,تو زیبایی درست مثل ....
https://ifilo.net/v/QfSeTyJ,داستان های شاهنامه فردوسی / قسمت هفتم
https://ifilo.net/v/x47qC5b,تو خیلی ارزشمندی🤍
https://ifilo.net/v/hjFI7JA,فيلم از داستان شاهنامه ایران فردوسی قسمت ۷
https://ifilo.net/v/aFHhYmG,چیدمان اتاق و خانه رویایی
https://ifilo.net/v/Pw9tX9b,آموزش سنگ مصنوعی
https://ifilo.net/v/zdNWxjp,بازنشر ویدیوی «داستان های شاهنامه فردوسی / قسمت هفتم»
https://ifilo.net/v/D8TpxqO,عکاسی ماکرو یا نما نزدیک حرفه ای از حشرات
https://ifilo.net/v/TNq65Ao,رفیق اینستا آمریکا ایران فوتبال  بدنسازی دزفول خوزستان
https://ifilo.net/v/H2ZHbJA,نقاشی وسایل نقلیه با استفاده از دو نقطه
