[
  {
    "link": "https://ifilo.net/v/L1dXwpL",
    "title": "دانلودمستندFilmworker2017"
  },
  {
    "link": "https://ifilo.net/v/Q5YuhY5",
    "title": "دانلودمستندداستانپیکسارThePixarStory2007"
  },
  {
    "link": "https://ifilo.net/v/z7jU3pH",
    "title": "آموزشتکهدوزیستاره-میشهتو8دقیقهتکهدوزییادگرفت"
  },
  {
    "link": "https://ifilo.net/v/13k0k2X",
    "title": "کشیدننقاشیفیلبهراحتی"
  },
  {
    "link": "https://ifilo.net/v/vu6IIGe",
    "title": "ایدهشمعگلآلاله"
  },
  {
    "link": "https://ifilo.net/v/zAf4Iyc",
    "title": "دکلمهشعرنیلکوهباشکوهشاملوطبیعتزیبا"
  },
  {
    "link": "https://ifilo.net/v/XG3jhcF",
    "title": "دکلمهشعرنوازدلنوشتههایخودمدلنوشتههاحرفهایمن"
  },
  {
    "link": "https://ifilo.net/v/fzSvR9k",
    "title": "آموزشنقاشیآسانعروسکلابوبوبرایکودکان"
  },
  {
    "link": "https://ifilo.net/v/Mlxlxtv",
    "title": "ایآنکهمرابردهایازیادکجایی؟بیگانهشدی؟"
  },
  {
    "link": "https://ifilo.net/v/Cu2sz0I",
    "title": "حقیقتزیباشایدهمتلخ"
  },
  {
    "link": "https://ifilo.net/v/cdVebOK",
    "title": "نمایشبسیاربسیاردیدنی"
  },
  {
    "link": "https://ifilo.net/v/OkEQtmn",
    "title": "هزارویکموناکرمیوسپندامیرسلیمانی"
  },
  {
    "link": "https://ifilo.net/v/5Ozg3ON",
    "title": "دکلمهزیباازخانمدکترمعروف"
  },
  {
    "link": "https://ifilo.net/v/jY55Pyz",
    "title": "نقاشیآمبولانس|نقاشیماشین|نقاشیاتومبیل|نقاشیساده|آموزشنقاشیکودکانه"
  },
  {
    "link": "https://ifilo.net/v/xcwv9LJ",
    "title": "آموزشنقاشیفضایی|نقاشیاستیچ|نقاشیسادهوآسان|آموزشنقاشیکودکانه"
  },
  {
    "link": "https://ifilo.net/v/zIcPakv",
    "title": "گلدوزیگلواژگون"
  },
  {
    "link": "https://ifilo.net/v/OyXkziS",
    "title": "اگهنقاشیبچههابهواقعیتتبدیلبشه/ازنگاههوشمصنوعی"
  },
  {
    "link": "https://ifilo.net/v/PjSqaTK",
    "title": "طراحیدرفششهباز،نقاشیایرانباستان،هخامنشی"
  },
  {
    "link": "https://ifilo.net/v/yKhzmi8",
    "title": "نقاشیدیجیتالسنجابدرحالجویدنچوب"
  },
  {
    "link": "https://ifilo.net/v/CU8YwQO",
    "title": "نقاشیدیجیتالبستنیباطعمتوتهایجنگلیوتزئینگیلاس"
  },
  {
    "link": "https://ifilo.net/v/L8ODIBK",
    "title": "نقاشیدیجیتالکاغذرنگیتهلیوان"
  },
  {
    "link": "https://ifilo.net/v/oT4xNX8",
    "title": "نقاشیدیجیتالپیراشکیگوشت"
  },
  {
    "link": "https://ifilo.net/v/L9pcNWt",
    "title": "نقاشیدیجیتالمدللباسمجلسیباالهامازدریا"
  },
  {
    "link": "https://ifilo.net/v/u6eHwca",
    "title": "نقاشیدیجیتالماهیگلی"
  },
  {
    "link": "https://ifilo.net/v/2pA8zQS",
    "title": "نقاشیدیجیتالگلداوودیهفترنگ"
  },
  {
    "link": "https://ifilo.net/v/KfwOkUj",
    "title": "نقاشیدیجیتالگیلاس"
  },
  {
    "link": "https://ifilo.net/v/131QJOG",
    "title": "نقاشیدیجیتالسیخچوبیمیوه"
  },
  {
    "link": "https://ifilo.net/v/Jh858yT",
    "title": "نقاشیدیجیتالاستیکرگربه"
  },
  {
    "link": "https://ifilo.net/v/n9ocXis",
    "title": "نقاشیدیجیتالموشخندانکنجکاو"
  },
  {
    "link": "https://ifilo.net/v/Kv5vbje",
    "title": "نقاشیدیجیتالمدلعکاسیازلوازمآرایشی"
  },
  {
    "link": "https://ifilo.net/v/tHvncDm",
    "title": "نقاشیدیجیتالتلهکابین"
  },
  {
    "link": "https://ifilo.net/v/HbCMh48",
    "title": "نقاشیدیجیتالگربههایوحشیعاشق"
  },
  {
    "link": "https://ifilo.net/v/7zoA57n",
    "title": "دوختیقهزیباوجذاب"
  },
  {
    "link": "https://ifilo.net/v/fONLQgY",
    "title": "خطتحریریباخودکار،خطشکسته،متنناب،متنخاص"
  },
  {
    "link": "https://ifilo.net/v/D2WvD11",
    "title": "متنناب،متنعاشقانه،متنخاص،متنسنگین،خطتحریری،خطشکسته"
  },
  {
    "link": "https://ifilo.net/v/D0A4zm6",
    "title": "خلاقیت/نقاشی/فکر/باطراحیرویدست"
  },
  {
    "link": "https://ifilo.net/v/MSx0Gs3",
    "title": "حرفدلدرکلامشعر"
  },
  {
    "link": "https://ifilo.net/v/1PNHpNO",
    "title": "رقصکردیبسیارزیباازدخترانکرد"
  },
  {
    "link": "https://ifilo.net/v/rnpQhgc",
    "title": "رهیمعیریوشکایتویازدستزن"
  },
  {
    "link": "https://ifilo.net/v/CBhIAqc",
    "title": "معجزههنرونقاشی/نقاشی/هنری"
  },
  {
    "link": "https://ifilo.net/v/2BezdEi",
    "title": "خندیدنآقایخامنهایچهشکلیاستفیلمرادین"
  },
  {
    "link": "https://ifilo.net/v/HSawhh8",
    "title": "طراحیشیربالدارهخامنشی،نقاشیایرانباستان"
  },
  {
    "link": "https://ifilo.net/v/kxJfp05",
    "title": "بیانشعریدروصفرفیق،ازدکتربهروزاتونی"
  },
  {
    "link": "https://ifilo.net/v/LtwiQMW",
    "title": "ابیوقرمزونارجیهمهباهم"
  },
  {
    "link": "https://ifilo.net/v/I4N6wAC",
    "title": "نقاشیهایلوئیسوین"
  },
  {
    "link": "https://ifilo.net/v/6AweE0u",
    "title": "دلربادلنشینشیرینادانازنین"
  },
  {
    "link": "https://ifilo.net/v/jTg6FzN",
    "title": "اوریگامیعقربباکاغذرنگی"
  },
  {
    "link": "https://ifilo.net/v/WfAcIdd",
    "title": "اینطوریآدمبرفیبکشنقاشیطراحی"
  },
  {
    "link": "https://ifilo.net/v/gcxm3YU",
    "title": "نقاشیطراحیبامزه"
  },
  {
    "link": "https://ifilo.net/v/BUr4S2c",
    "title": "اوریگامیباکاغذرنگیلاکپشت"
  },
  {
    "link": "https://ifilo.net/v/XVTCfFk",
    "title": "هنرنزدایرانیاناستوبس"
  },
  {
    "link": "https://ifilo.net/v/seF8TV1",
    "title": "شوخیهایایرانی"
  },
  {
    "link": "https://ifilo.net/v/ii5YI4Q",
    "title": "اجرایهنرمنددرمراسمهنری"
  },
  {
    "link": "https://ifilo.net/v/6aAX2hS",
    "title": "نقاشیتوپفوتبال|نقاشیبااستفادهازدایره|نقاشیآسان|آموزشنقاشیکودکانه"
  },
  {
    "link": "https://ifilo.net/v/WBMLUAy",
    "title": "نقاشیپرنسس|نقاشیدخترزیبا|نقاشیواندرومن|آموزشنقاشیکودکانه"
  },
  {
    "link": "https://ifilo.net/v/xXakEmb",
    "title": "نقاشیپسرکیوت|نقاشیشازدهکوچولو|نقاشیآسان|آموزشنقاشیکودکانه"
  },
  {
    "link": "https://ifilo.net/v/QQ3c3Io",
    "title": "نقاشیاسبشطرنج|نقاشیحیوانات|نقاشیساده|آموزشنقاشیکودکانه"
  },
  {
    "link": "https://ifilo.net/v/tvFUp3E",
    "title": "شکلهایزیباومتفاوت"
  },
  {
    "link": "https://ifilo.net/v/vd40Cln",
    "title": "داستانهایشاهنامهفرودوسیبسیارآموزنده"
  },
  {
    "link": "https://ifilo.net/v/qXGlZiw",
    "title": "جوجهخوشگلوباحالخذاب"
  },
  {
    "link": "https://ifilo.net/v/MrTm2UC",
    "title": "آموزشساختکاردستیونقاشیخلاقانهباخمیربازی|سرگرمیآموزشیبرایکودکان"
  },
  {
    "link": "https://ifilo.net/v/qx46rIy",
    "title": "سرودساربانازاستادشهریار"
  },
  {
    "link": "https://ifilo.net/v/E6WXAJP",
    "title": "کلیپآنباکسعروسکهایکرومیودوستانکلیپکیوتبامزهدخترونهکیومی"
  },
  {
    "link": "https://ifilo.net/v/A8WHvqc",
    "title": "آنباکسکیوتعروسککرومیخوانندهکلیپکیوتکرومیودوستان"
  },
  {
    "link": "https://ifilo.net/v/iLJ4x23",
    "title": "حمامابراهیمخاندرکرمانکهبهموزهجواهراتتبدیلشده"
  },
  {
    "link": "https://ifilo.net/v/TVPMQLO",
    "title": "یکفلیمخندهنگاهکنیمروحیهخوبیمیگیردلطفاًفالوکنید"
  },
  {
    "link": "https://ifilo.net/v/EhiOVll",
    "title": "غزلهایشیرینودلنوازازاستادشهریار"
  },
  {
    "link": "https://ifilo.net/v/WMsgElD",
    "title": "آموزشنقاشیهمبرگربسیارآسانوزیبا"
  },
  {
    "link": "https://ifilo.net/v/9P0gPyr",
    "title": "آموزشنقاشیملودیباچشمهایخوشگل"
  },
  {
    "link": "https://ifilo.net/v/kBQtgLo",
    "title": "نقاشیملودیبسیارزیباوآسان"
  },
  {
    "link": "https://ifilo.net/v/6WgsOpt",
    "title": "بهترینهاراباماباشید"
  },
  {
    "link": "https://ifilo.net/v/a9eJ9V1",
    "title": "نقاشیدخترزیبا|نقاشیکیوت|نقاشیآسانوساده|آموزشنقاشیکودکانه"
  },
  {
    "link": "https://ifilo.net/v/0hHMRGI",
    "title": "زالورودابه:معروفترینداستانعاشقانهیشاهنامه"
  },
  {
    "link": "https://ifilo.net/v/8QLucSe",
    "title": "منظرهازیکمجسمهزیبا"
  },
  {
    "link": "https://ifilo.net/v/aQHqkmq",
    "title": "هیروبراینقویههههههههههه"
  },
  {
    "link": "https://ifilo.net/v/KmIXtOS",
    "title": "پاککنسفیددر3سایز"
  },
  {
    "link": "https://ifilo.net/v/UlSfP8Z",
    "title": "شمععطریتزئینیظرفیمونولیزاMonolisa"
  },
  {
    "link": "https://ifilo.net/v/7dCmi5M",
    "title": "سادهترینروشساختنرنگینکمان"
  },
  {
    "link": "https://ifilo.net/v/pgqN4Qh",
    "title": "دانلودجوکر2فصل6قسمت6(فینالبانوانسریجدید)/ریلیتیشوجوکرBLURAY"
  },
  {
    "link": "https://ifilo.net/v/nzhkSIO",
    "title": "نقاشیدیجیتاللالههایکریستالی"
  },
  {
    "link": "https://ifilo.net/v/hwomWAD",
    "title": "نقاشیدیجیتالانگشتربایاقوتقلبی"
  },
  {
    "link": "https://ifilo.net/v/5gxQOky",
    "title": "نقاشیدیجیتالاسبزیبایوحشی"
  },
  {
    "link": "https://ifilo.net/v/6syyNHj",
    "title": "نقاشیدیجیتالهاپویپشمالو"
  },
  {
    "link": "https://ifilo.net/v/mblzmyW",
    "title": "نقاشیدیجیتالکیکخانگیباتزئینسیبوگردو"
  },
  {
    "link": "https://ifilo.net/v/3VWU5nV",
    "title": "نقاشیدیجیتالمرغحناییوجوجههایش"
  },
  {
    "link": "https://ifilo.net/v/3x3gabv",
    "title": "خوشنویسیمتفاوترویاشیا"
  },
  {
    "link": "https://ifilo.net/v/IPiGRyJ",
    "title": "دیزاینکیکزیباوهنرمندانه✨️🍰"
  },
  {
    "link": "https://ifilo.net/v/So0GveL",
    "title": "هلپرکەیکوردیکیژانیڕۆژهەڵات"
  },
  {
    "link": "https://ifilo.net/v/FjyvSGC",
    "title": "رمانناسازگارمازنویسندهنازنینکاوسیمقدممعرفیشخصیتهایاصلیرمانناسازگارم"
  },
  {
    "link": "https://ifilo.net/v/S7ii6YF",
    "title": "تولدمبارکباشهعزیزانخرداددماهی"
  },
  {
    "link": "https://ifilo.net/v/U2WIjRj",
    "title": "توزیباییدرستمثل...."
  },
  {
    "link": "https://ifilo.net/v/QfSeTyJ",
    "title": "داستانهایشاهنامهفردوسی/قسمتهفتم"
  },
  {
    "link": "https://ifilo.net/v/x47qC5b",
    "title": "توخیلیارزشمندی🤍"
  },
  {
    "link": "https://ifilo.net/v/hjFI7JA",
    "title": "فيلمازداستانشاهنامهایرانفردوسیقسمت۷"
  },
  {
    "link": "https://ifilo.net/v/aFHhYmG",
    "title": "چیدماناتاقوخانهرویایی"
  },
  {
    "link": "https://ifilo.net/v/Pw9tX9b",
    "title": "آموزشسنگمصنوعی"
  },
  {
    "link": "https://ifilo.net/v/zdNWxjp",
    "title": "بازنشرویدیوی«داستانهایشاهنامهفردوسی/قسمتهفتم»"
  },
  {
    "link": "https://ifilo.net/v/D8TpxqO",
    "title": "عکاسیماکرویانمانزدیکحرفهایازحشرات"
  },
  {
    "link": "https://ifilo.net/v/TNq65Ao",
    "title": "رفیقاینستاآمریکاایرانفوتبالبدنسازیدزفولخوزستان"
  },
  {
    "link": "https://ifilo.net/v/H2ZHbJA",
    "title": "نقاشیوسایلنقلیهبااستفادهازدونقطه"
  }
]