link,title
https://ifilo.net/v/MrmAcXw,پل شیشیه ای معلق
https://ifilo.net/v/h3AY0Wi,دانلود مستند دریانوردی Seaspiracy 2021
https://ifilo.net/v/dMBjbBU,پل تاریخی و قدیمی
https://ifilo.net/v/WxULMKR,پل تاریخی صالح حمید در فصل بهار
https://ifilo.net/v/FJtV6XJ,لحظاتی برا دیدنِ زیبایی های زندگیِ روستایی و عشایری و شنیدنِ آوای محلیِ
https://ifilo.net/v/OQ9OF1R,طبیعت دیدنی کوه نواکوه.....
https://ifilo.net/v/J1ReAeo,طبیعتی بی نظیر و خیره کننده
https://ifilo.net/v/w7fOgYh,طبیعتی زیبا از خوزستان را تماشاکنید
https://ifilo.net/v/XL3Omb4,دریای جنوب چه زیبا و بی نظیر است....
https://ifilo.net/v/HaYWMCR,تنگه ماغر کهگیلویه و بویراحمد.....
https://ifilo.net/v/i29qmSg,لذت تماشای سواحل جنوبی کشور ....
https://ifilo.net/v/sOiJPvy,آبشار لونک گیلان...جهانگردی و طبیعت
https://ifilo.net/v/AQY0UF1,غار چال نخجیر مخوف اما زیبا...
https://ifilo.net/v/TdswTjw,نسخه اولیه جهنم فومن افتتاح شد!
https://ifilo.net/v/y4I7pl7,موج زیبا در ساحل جزایر هاوایی
https://ifilo.net/v/AA6Gq39,آبشار زیباری لاتون شهر گیلان
https://ifilo.net/v/4yo64pX,آبشارهای باورنکردنی در پرتقال
https://ifilo.net/v/wADWUVE,گل بدبوی(Rafflesia arnoldii) Corpse Lily
https://ifilo.net/v/Y7caar2,گِل فشان های گَتان و توجَک بزرگترین و قشنگترین در بندر جاسک🙏❤️🙏
https://ifilo.net/v/ZCE4Fq4,دره شوتاریکو غرب هرمزگان پارسیان🙏❤️🙏
https://ifilo.net/v/1BZunsU,راه شاهی لرستان بهشتیه واسه خودش   🙏❤️🙏
https://ifilo.net/v/i948CSX,مستند جاده های بی پایان (سنگال)
https://ifilo.net/v/0GpgfiL,پل طبیعت ۱۴۰۱ - (ریلز)
https://ifilo.net/v/LjYdfyx,باغ کتاب تهران ۱۴۰۱ -(۲)
https://ifilo.net/v/83CA2nf,باغ کتاب تهران 1401
https://ifilo.net/v/QEUYyI5,کاشت هندوانه در کویر/با تکنیکی قدیمی/کویری که آب ندارد.
https://ifilo.net/v/BITtJis,طبیعت گردی طبیعت زیبا و بهاری
https://ifilo.net/v/0ZnCIZH,طبیعت زیبای استان کرمانشاه
https://ifilo.net/v/Offa8Si,طبیعت رودخانه درخت های سرسبزجای خوب با آب هوای خوب
https://ifilo.net/v/wjSfr4v,تورگردی در منطقه شاندیز
https://ifilo.net/v/6ZZ4Jxd,همزیستی پیره مرد و پیره زن با بزهای کوهی
https://ifilo.net/v/SJBZIQg,هرمزگان ، طبیعت
https://ifilo.net/v/YkUuvEd,پیوند زدن بادام شیرین به بادام کوهی
https://ifilo.net/v/8bPhdIn,فوق العادس این طبیعت خدایا شکرت 😍
https://ifilo.net/v/DEtvroF,*ما نیمه ای دیگر از طبیعت....!💚🖼*💛✨
https://ifilo.net/v/DgjlWCp,کاشت هندوانه در ریشه خار شتر روش سنتی ایرانیان
https://ifilo.net/v/IUfGaau,عسل اردبیل ایران
https://ifilo.net/v/0oeS1jp,طبیعت گردی روستای نصیرآباد هشترود
https://ifilo.net/v/Spt2qPY,کوه زیبای سبلان در عید قربان
https://ifilo.net/v/5C2mjhD,کوه زیبای سبلان
https://ifilo.net/v/J9MDxAM,فیلم عسل اردبیل
https://ifilo.net/v/CBU75e9,زیبایی گل ها 🌹🌹
https://ifilo.net/v/ojkoDqq,صبحتون بخیر گل های زیبا
https://ifilo.net/v/0V7j50i,طبیعت زیبای شهرستان الشتر روستای شاهپورآباد معروف به جزیره
https://ifilo.net/v/v7uRpYQ,آب زلال از چشمه خود جوش در استان لرستان
https://ifilo.net/v/bTtliqV,پل شیشه ای ترسناک چین
https://ifilo.net/v/arREMm8,تنگه بهرام چوبین از توابع شهرستان دره شهر استان ایلام🙏❤️🙏
https://ifilo.net/v/csONdCW,🍃😍 اینجا آبشار ترز
https://ifilo.net/v/IMt2OqE,کتیبه های شگفت انگیز مقبره پیکر بکران واقع در شهرستان فلاورجان استان اصفهان
https://ifilo.net/v/yZbW7Lt,نمایی دیدنی از جزیره هرمز ایران_زیبا 🙏❤️🙏
https://ifilo.net/v/leFaruD,تخت جمشید از دید عینک واقعیت مجازی   🙏❤️🙏
https://ifilo.net/v/K3nSoc0,کشف گودال عجیب و بزرگ در دریاچه ارومیه 🙏❤️🙏
https://ifilo.net/v/cEo3b8G,خانه تاریخی حریری 🙏❤️🙏
https://ifilo.net/v/gy8A3w4,آبشار شهر چینی فورونگ مکانی شگفت انگیز 🙏❤️🙏
https://ifilo.net/v/FLfalUB,سنگ سه هزار کیلویی شناور بر روی آب در باغ سپهسالار 🙏❤️🙏
https://ifilo.net/v/1usiJCn,تنها روستائى در جهان كه باران هيچوقت برآن نميبارد🙏❤️🙏
https://ifilo.net/v/9rYTG94,ولاگ یک روز بارانی
https://ifilo.net/v/yJSuIfF,زندگی در طبیعت  ، آشپزی در طبیعت
https://ifilo.net/v/3all9gE,بزرگترین آبشار قطره ای جهان در کشور گویان امریکای جنوبی🙏❤️🙏
https://ifilo.net/v/Q8OsmBu,نمایی زیبا از جزیره کنوا، اندونزی  🙏❤️🙏
https://ifilo.net/v/K99xsAN,جاده ای به آرامش
https://ifilo.net/v/BCt3D86,سوسک بمب افکن ؛ مجهز به س لاح های ش یمیایی و اس یدی❗
https://ifilo.net/v/SPq02Hy,♦️لحظات هیجان انگیز و دلهره آور تنگه واشی فیروز کوه🔥
https://ifilo.net/v/ze4KEDv,Dam and Stone and Nice melodi
https://ifilo.net/v/yBhrBch,موسیقی طبیعت زیباترین صداست
https://ifilo.net/v/38pD6Ii,غروب در کنار دریا
https://ifilo.net/v/m2Pl3q9,مناطق اورامانات کردستان
https://ifilo.net/v/HnsDfrr,ویدیو کلیپ بسیار دیدنی از ارتفاعات تالش
https://ifilo.net/v/XVsUYCg,آبشار ازنادر ودره اسپرت در شهرستان دورود
https://ifilo.net/v/vGM3p27,روش صید ماهی های زینتی اکواریومی  در مزارع برنج
https://ifilo.net/v/9G6l64Y,منظره زیباودلنشین
https://ifilo.net/v/Sihlknu,سیدشت.غار رشی.طبیعت بکر و دست نخورده
https://ifilo.net/v/bqlOv83,چیدن و جمع آوری گل در نهاوند
https://ifilo.net/v/56sJ45t,حقایق عجیب درباره قله اورست-
https://ifilo.net/v/Xy6Nbqe,یکی از نادرترین پدیده های طبیعی؛ بارانی که فقط در یک نقطه می بارد! ☔
https://ifilo.net/v/rFtViw9,هرمزگان زیبا و رودخانه جاماش
https://ifilo.net/v/OE1BlHf,آزمودم دل خود را به هزار شیوه هیچ چیزش به جز از وصل تو خوشنود نکرد ..مولانا
https://ifilo.net/v/8feW3Sm,در کنار طبیعت زیبا
https://ifilo.net/v/ZBcsFRV,طبیعت زیبای کرمانشاه
https://ifilo.net/v/QWAPZsD,بلوچستان زبیا و کوه های زبیا
https://ifilo.net/v/qxHFtez,من از این دنیا چی میخوام ((طینوج))
https://ifilo.net/v/cJeQJOi,🔺یکی از هیجان انگیز ترین صحنه های حیات وحش
https://ifilo.net/v/xuIJEeO,برف سال 402 روستای طینوج
https://ifilo.net/v/b4qPZiM,آبشار زیبا در ارتفاعات
https://ifilo.net/v/ceqhCi2,سازه عجیب ، طبیعی یا باستانی
https://ifilo.net/v/RG15gus,کلیپ زیبا فیلم از آتش وسط کوه
https://ifilo.net/v/jxzV2gM,طبیعت شگفت انگیز😳
https://ifilo.net/v/3xIUyFP,جاده چالوس و زیبایی های آن
https://ifilo.net/v/9hDLkhN,دریاچه مهارلو دریاچه صورتی در استان فارس ایران
https://ifilo.net/v/U7TTWea,لحظاتی ناب از زندگی زیبا و مفرح روستایی که شهری ها محروم هستند ازش
https://ifilo.net/v/5HhTkAn,ویدیو | این کلیسا وسط بیابان ساخته شده
https://ifilo.net/v/9jPASU7,ویدیو| این پارک چینی رکوردها را جا به جا کرد
https://ifilo.net/v/pP5edtr,ویدیو | تراس های فیروزه ای کشور چین
https://ifilo.net/v/f771jSA,طبیعت زیبا/ارامش ببینیم /طبیعت و زیبایی هاش
https://ifilo.net/v/0FhWB18,روز اورست 🌎🌏⛅🌴روز اورست
https://ifilo.net/v/S2ue2YD,طبیعت زیبا و دیدنی/طبیعت ارامبخش
https://ifilo.net/v/ZGekdUY,فیلمبرداری از عمق آب با تلفن همراه😍
https://ifilo.net/v/JFxlB5z,طبیعت بسیار زیبا و چرای گوسفندان😍
https://ifilo.net/v/mwSmwDw,آبشار و طبیعت بسیار زیبا و سرسبز😍
https://ifilo.net/v/4PQMTwz,طبیعت بسیار زیبا به همراه موسیقی سنتی😍
