[
  {
    "link": "https://ifilo.net/v/MrmAcXw",
    "title": "پلشیشیهایمعلق"
  },
  {
    "link": "https://ifilo.net/v/h3AY0Wi",
    "title": "دانلودمستنددریانوردیSeaspiracy2021"
  },
  {
    "link": "https://ifilo.net/v/dMBjbBU",
    "title": "پلتاریخیوقدیمی"
  },
  {
    "link": "https://ifilo.net/v/WxULMKR",
    "title": "پلتاریخیصالححمیددرفصلبهار"
  },
  {
    "link": "https://ifilo.net/v/FJtV6XJ",
    "title": "لحظاتیبرادیدنِزیباییهایزندگیِروستاییوعشایریوشنیدنِآوایمحلیِ"
  },
  {
    "link": "https://ifilo.net/v/OQ9OF1R",
    "title": "طبیعتدیدنیکوهنواکوه....."
  },
  {
    "link": "https://ifilo.net/v/J1ReAeo",
    "title": "طبیعتیبینظیروخیرهکننده"
  },
  {
    "link": "https://ifilo.net/v/w7fOgYh",
    "title": "طبیعتیزیباازخوزستانراتماشاکنید"
  },
  {
    "link": "https://ifilo.net/v/XL3Omb4",
    "title": "دریایجنوبچهزیباوبینظیراست...."
  },
  {
    "link": "https://ifilo.net/v/HaYWMCR",
    "title": "تنگهماغرکهگیلویهوبویراحمد....."
  },
  {
    "link": "https://ifilo.net/v/i29qmSg",
    "title": "لذتتماشایسواحلجنوبیکشور...."
  },
  {
    "link": "https://ifilo.net/v/sOiJPvy",
    "title": "آبشارلونکگیلان...جهانگردیوطبیعت"
  },
  {
    "link": "https://ifilo.net/v/AQY0UF1",
    "title": "غارچالنخجیرمخوفامازیبا..."
  },
  {
    "link": "https://ifilo.net/v/TdswTjw",
    "title": "نسخهاولیهجهنمفومنافتتاحشد!"
  },
  {
    "link": "https://ifilo.net/v/y4I7pl7",
    "title": "موجزیبادرساحلجزایرهاوایی"
  },
  {
    "link": "https://ifilo.net/v/AA6Gq39",
    "title": "آبشارزیباریلاتونشهرگیلان"
  },
  {
    "link": "https://ifilo.net/v/4yo64pX",
    "title": "آبشارهایباورنکردنیدرپرتقال"
  },
  {
    "link": "https://ifilo.net/v/wADWUVE",
    "title": "گلبدبوی(Rafflesiaarnoldii)CorpseLily"
  },
  {
    "link": "https://ifilo.net/v/Y7caar2",
    "title": "گِلفشانهایگَتانوتوجَکبزرگترینوقشنگتریندربندرجاسک🙏❤️🙏"
  },
  {
    "link": "https://ifilo.net/v/ZCE4Fq4",
    "title": "درهشوتاریکوغربهرمزگانپارسیان🙏❤️🙏"
  },
  {
    "link": "https://ifilo.net/v/1BZunsU",
    "title": "راهشاهیلرستانبهشتیهواسهخودش🙏❤️🙏"
  },
  {
    "link": "https://ifilo.net/v/i948CSX",
    "title": "مستندجادههایبیپایان(سنگال)"
  },
  {
    "link": "https://ifilo.net/v/0GpgfiL",
    "title": "پلطبیعت۱۴۰۱-(ریلز)"
  },
  {
    "link": "https://ifilo.net/v/LjYdfyx",
    "title": "باغکتابتهران۱۴۰۱-(۲)"
  },
  {
    "link": "https://ifilo.net/v/83CA2nf",
    "title": "باغکتابتهران1401"
  },
  {
    "link": "https://ifilo.net/v/QEUYyI5",
    "title": "کاشتهندوانهدرکویر/باتکنیکیقدیمی/کویریکهآبندارد."
  },
  {
    "link": "https://ifilo.net/v/BITtJis",
    "title": "طبیعتگردیطبیعتزیباوبهاری"
  },
  {
    "link": "https://ifilo.net/v/0ZnCIZH",
    "title": "طبیعتزیبایاستانکرمانشاه"
  },
  {
    "link": "https://ifilo.net/v/Offa8Si",
    "title": "طبیعترودخانهدرختهایسرسبزجایخوبباآبهوایخوب"
  },
  {
    "link": "https://ifilo.net/v/wjSfr4v",
    "title": "تورگردیدرمنطقهشاندیز"
  },
  {
    "link": "https://ifilo.net/v/6ZZ4Jxd",
    "title": "همزیستیپیرهمردوپیرهزنبابزهایکوهی"
  },
  {
    "link": "https://ifilo.net/v/SJBZIQg",
    "title": "هرمزگان،طبیعت"
  },
  {
    "link": "https://ifilo.net/v/YkUuvEd",
    "title": "پیوندزدنبادامشیرینبهبادامکوهی"
  },
  {
    "link": "https://ifilo.net/v/8bPhdIn",
    "title": "فوقالعادساینطبیعتخدایاشکرت😍"
  },
  {
    "link": "https://ifilo.net/v/DEtvroF",
    "title": "*مانیمهایدیگرازطبیعت....!💚🖼*💛✨"
  },
  {
    "link": "https://ifilo.net/v/DgjlWCp",
    "title": "کاشتهندوانهدرریشهخارشترروشسنتیایرانیان"
  },
  {
    "link": "https://ifilo.net/v/IUfGaau",
    "title": "عسلاردبیلایران"
  },
  {
    "link": "https://ifilo.net/v/0oeS1jp",
    "title": "طبیعتگردیروستاینصیرآبادهشترود"
  },
  {
    "link": "https://ifilo.net/v/Spt2qPY",
    "title": "کوهزیبایسبلاندرعیدقربان"
  },
  {
    "link": "https://ifilo.net/v/5C2mjhD",
    "title": "کوهزیبایسبلان"
  },
  {
    "link": "https://ifilo.net/v/J9MDxAM",
    "title": "فیلمعسلاردبیل"
  },
  {
    "link": "https://ifilo.net/v/CBU75e9",
    "title": "زیباییگلها🌹🌹"
  },
  {
    "link": "https://ifilo.net/v/ojkoDqq",
    "title": "صبحتونبخیرگلهایزیبا"
  },
  {
    "link": "https://ifilo.net/v/0V7j50i",
    "title": "طبیعتزیبایشهرستانالشترروستایشاهپورآبادمعروفبهجزیره"
  },
  {
    "link": "https://ifilo.net/v/v7uRpYQ",
    "title": "آبزلالازچشمهخودجوشدراستانلرستان"
  },
  {
    "link": "https://ifilo.net/v/bTtliqV",
    "title": "پلشیشهایترسناکچین"
  },
  {
    "link": "https://ifilo.net/v/arREMm8",
    "title": "تنگهبهرامچوبینازتوابعشهرستاندرهشهراستانایلام🙏❤️🙏"
  },
  {
    "link": "https://ifilo.net/v/csONdCW",
    "title": "🍃😍اینجاآبشارترز"
  },
  {
    "link": "https://ifilo.net/v/IMt2OqE",
    "title": "کتیبههایشگفتانگیزمقبرهپیکربکرانواقعدرشهرستانفلاورجاناستاناصفهان"
  },
  {
    "link": "https://ifilo.net/v/yZbW7Lt",
    "title": "نماییدیدنیازجزیرههرمزایران_زیبا🙏❤️🙏"
  },
  {
    "link": "https://ifilo.net/v/leFaruD",
    "title": "تختجمشیدازدیدعینکواقعیتمجازی🙏❤️🙏"
  },
  {
    "link": "https://ifilo.net/v/K3nSoc0",
    "title": "کشفگودالعجیبوبزرگدردریاچهارومیه🙏❤️🙏"
  },
  {
    "link": "https://ifilo.net/v/cEo3b8G",
    "title": "خانهتاریخیحریری🙏❤️🙏"
  },
  {
    "link": "https://ifilo.net/v/gy8A3w4",
    "title": "آبشارشهرچینیفورونگمکانیشگفتانگیز🙏❤️🙏"
  },
  {
    "link": "https://ifilo.net/v/FLfalUB",
    "title": "سنگسههزارکیلوییشناوربررویآبدرباغسپهسالار🙏❤️🙏"
  },
  {
    "link": "https://ifilo.net/v/1usiJCn",
    "title": "تنهاروستائىدرجهانكهبارانهيچوقتبرآننميبارد🙏❤️🙏"
  },
  {
    "link": "https://ifilo.net/v/9rYTG94",
    "title": "ولاگیکروزبارانی"
  },
  {
    "link": "https://ifilo.net/v/yJSuIfF",
    "title": "زندگیدرطبیعت،آشپزیدرطبیعت"
  },
  {
    "link": "https://ifilo.net/v/3all9gE",
    "title": "بزرگترینآبشارقطرهایجهاندرکشورگویانامریکایجنوبی🙏❤️🙏"
  },
  {
    "link": "https://ifilo.net/v/Q8OsmBu",
    "title": "نماییزیباازجزیرهکنوا،اندونزی🙏❤️🙏"
  },
  {
    "link": "https://ifilo.net/v/K99xsAN",
    "title": "جادهایبهآرامش"
  },
  {
    "link": "https://ifilo.net/v/BCt3D86",
    "title": "سوسکبمبافکن؛مجهزبهسلاحهایشیمیاییواسیدی❗"
  },
  {
    "link": "https://ifilo.net/v/SPq02Hy",
    "title": "♦️لحظاتهیجانانگیزودلهرهآورتنگهواشیفیروزکوه🔥"
  },
  {
    "link": "https://ifilo.net/v/ze4KEDv",
    "title": "DamandStoneandNicemelodi"
  },
  {
    "link": "https://ifilo.net/v/yBhrBch",
    "title": "موسیقیطبیعتزیباترینصداست"
  },
  {
    "link": "https://ifilo.net/v/38pD6Ii",
    "title": "غروبدرکناردریا"
  },
  {
    "link": "https://ifilo.net/v/m2Pl3q9",
    "title": "مناطقاوراماناتکردستان"
  },
  {
    "link": "https://ifilo.net/v/HnsDfrr",
    "title": "ویدیوکلیپبسیاردیدنیازارتفاعاتتالش"
  },
  {
    "link": "https://ifilo.net/v/XVsUYCg",
    "title": "آبشارازنادرودرهاسپرتدرشهرستاندورود"
  },
  {
    "link": "https://ifilo.net/v/vGM3p27",
    "title": "روشصیدماهیهایزینتیاکواریومیدرمزارعبرنج"
  },
  {
    "link": "https://ifilo.net/v/9G6l64Y",
    "title": "منظرهزیباودلنشین"
  },
  {
    "link": "https://ifilo.net/v/Sihlknu",
    "title": "سیدشت.غاررشی.طبیعتبکرودستنخورده"
  },
  {
    "link": "https://ifilo.net/v/bqlOv83",
    "title": "چیدنوجمعآوریگلدرنهاوند"
  },
  {
    "link": "https://ifilo.net/v/56sJ45t",
    "title": "حقایقعجیبدربارهقلهاورست-"
  },
  {
    "link": "https://ifilo.net/v/Xy6Nbqe",
    "title": "یکیازنادرترینپدیدههایطبیعی؛بارانیکهفقطدریکنقطهمیبارد!☔"
  },
  {
    "link": "https://ifilo.net/v/rFtViw9",
    "title": "هرمزگانزیباورودخانهجاماش"
  },
  {
    "link": "https://ifilo.net/v/OE1BlHf",
    "title": "آزمودمدلخودرابههزارشیوههیچچیزشبهجزازوصلتوخوشنودنکرد..مولانا"
  },
  {
    "link": "https://ifilo.net/v/8feW3Sm",
    "title": "درکنارطبیعتزیبا"
  },
  {
    "link": "https://ifilo.net/v/ZBcsFRV",
    "title": "طبیعتزیبایکرمانشاه"
  },
  {
    "link": "https://ifilo.net/v/QWAPZsD",
    "title": "بلوچستانزبیاوکوههایزبیا"
  },
  {
    "link": "https://ifilo.net/v/qxHFtez",
    "title": "منازایندنیاچیمیخوام((طینوج))"
  },
  {
    "link": "https://ifilo.net/v/cJeQJOi",
    "title": "🔺یکیازهیجانانگیزترینصحنههایحیاتوحش"
  },
  {
    "link": "https://ifilo.net/v/xuIJEeO",
    "title": "برفسال402روستایطینوج"
  },
  {
    "link": "https://ifilo.net/v/b4qPZiM",
    "title": "آبشارزیبادرارتفاعات"
  },
  {
    "link": "https://ifilo.net/v/ceqhCi2",
    "title": "سازهعجیب،طبیعییاباستانی"
  },
  {
    "link": "https://ifilo.net/v/RG15gus",
    "title": "کلیپزیبافیلمازآتشوسطکوه"
  },
  {
    "link": "https://ifilo.net/v/jxzV2gM",
    "title": "طبیعتشگفتانگیز😳"
  },
  {
    "link": "https://ifilo.net/v/3xIUyFP",
    "title": "جادهچالوسوزیباییهایآن"
  },
  {
    "link": "https://ifilo.net/v/9hDLkhN",
    "title": "دریاچهمهارلودریاچهصورتیدراستانفارسایران"
  },
  {
    "link": "https://ifilo.net/v/U7TTWea",
    "title": "لحظاتیناباززندگیزیباومفرحروستاییکهشهریهامحرومهستندازش"
  },
  {
    "link": "https://ifilo.net/v/5HhTkAn",
    "title": "ویدیو|اینکلیساوسطبیابانساختهشده"
  },
  {
    "link": "https://ifilo.net/v/9jPASU7",
    "title": "ویدیو|اینپارکچینیرکوردهاراجابهجاکرد"
  },
  {
    "link": "https://ifilo.net/v/pP5edtr",
    "title": "ویدیو|تراسهایفیروزهایکشورچین"
  },
  {
    "link": "https://ifilo.net/v/f771jSA",
    "title": "طبیعتزیبا/ارامشببینیم/طبیعتوزیباییهاش"
  },
  {
    "link": "https://ifilo.net/v/0FhWB18",
    "title": "روزاورست🌎🌏⛅🌴روزاورست"
  },
  {
    "link": "https://ifilo.net/v/S2ue2YD",
    "title": "طبیعتزیباودیدنی/طبیعتارامبخش"
  },
  {
    "link": "https://ifilo.net/v/ZGekdUY",
    "title": "فیلمبرداریازعمقآبباتلفنهمراه😍"
  },
  {
    "link": "https://ifilo.net/v/JFxlB5z",
    "title": "طبیعتبسیارزیباوچرایگوسفندان😍"
  },
  {
    "link": "https://ifilo.net/v/mwSmwDw",
    "title": "آبشاروطبیعتبسیارزیباوسرسبز😍"
  },
  {
    "link": "https://ifilo.net/v/4PQMTwz",
    "title": "طبیعتبسیارزیبابههمراهموسیقیسنتی😍"
  }
]