link,title
https://ifilo.net/v/23OHlDJ,درمان خانگی پاشنه پا
https://ifilo.net/v/oZ5csxc,معاون سلامت کشور۲۷٪ مردم رفسنجان تریاک میکشن
https://ifilo.net/v/qVgKONW,گیاهان دارویی.  غنقل یا خار مریم گیاهان دارویی که به صورت خودرو
https://ifilo.net/v/AxCLhx6,لب❎کویر لوت✅آموزش اسکراب لب
https://ifilo.net/v/gjtu66I,چطور پوستمان را سفید کنیم؟/ معجزه سفید شدن پوست در یک روز!
https://ifilo.net/v/0DlE7v1,روتین پوستی ، روتین
https://ifilo.net/v/89JMNo9,پنکک ضدآب لاکچری کوین | پنکک بینظیر جدید
https://ifilo.net/v/9prkcLI,پد پاک کننده لکه لباس Eunmsi
https://ifilo.net/v/nlKg3XJ,بهترین متخصص ختنه مدرن به تمام روشهای دانشگاهی
https://ifilo.net/v/X2LjA2S,گام هایی بزرگ بردار… رویا هایی بزرگ داشته باش
https://ifilo.net/v/bp8tXYQ,دهم خرداد روز جهانی بدون دخانیات
https://ifilo.net/v/5a1C6Gx,روشی برای جرم گیری دندان در خانه! 🦷
https://ifilo.net/v/88vpjIg,حرکت طلایی برای کمر درد!👌
https://ifilo.net/v/kSOHz28,موتور محرک سرطان سه چیزه...!😨
https://ifilo.net/v/Cc2WfpM,میکاپ ، میکاپ قشنگ
https://ifilo.net/v/vHf1GII,جرم گیری دندان خانگی
https://ifilo.net/v/2Byn9ix,گروه خونت چیه؟ از کیا میتونی خون بگیری؟ به کیا میتونی خون بدی؟
https://ifilo.net/v/GGHqQ5E,راز پوست خوب مدل های ویکتوریا سکرت
https://ifilo.net/v/NWR6nYB,نکات مهم پزشکی درباره مصرف قهوه و قرص کلسیم و منیزیم ☕💊
https://ifilo.net/v/432HQWb,توت میوه سم زدایی کبد
https://ifilo.net/v/UPweJdo,نکات مهم پزشکی درباره مصرف قهوه و قرص کلسیم و منیزیم ☕💊
https://ifilo.net/v/ZgcLmFA,دستمال توالت سرطان زاست؟
https://ifilo.net/v/RKxbwpN,✔تن ماهی بخوریم یا نه؟
https://ifilo.net/v/VcJFk0h,آموزش ماسک خونگی با فروغ
https://ifilo.net/v/PYq74RR,میکاپ قشنگ با پرنیان
https://ifilo.net/v/RNP93Lp,انگشت کوچک جادویی و بشدت کاربردی
https://ifilo.net/v/qw9Oouw,روتین پوستی با نازنین
https://ifilo.net/v/SAjGmJT,روتین پوستی با فروغ
https://ifilo.net/v/c3w9oY4,میکاپ صدادار خیلی قشنگ با فروغ
https://ifilo.net/v/P7We3Nb,میکاپ قشنگ با محیا 😍
https://ifilo.net/v/savf2SN,آموزش میکاپ قشنگ بهاری 💕
https://ifilo.net/v/wUAVfmE,اسمر ، روتین پوستی
https://ifilo.net/v/fqi9sPG,روتین پوستی ، روتین😍💕
https://ifilo.net/v/Il3yvLf,روتین پوستی با نادینا
https://ifilo.net/v/SI8xWrH,میکاپ صدادار خیلی قشنگ با فروغ
https://ifilo.net/v/L3NGhlt,آیا در اسلام نوشیدن آب به صورت ایستاده مکروه است؟
https://ifilo.net/v/6l8J2qy,بیمارستان بدن کبد/کارایی که کبد برای بدن انجام میده
https://ifilo.net/v/goWaTzJ,پاکسازی کلیه با برگ زیتون
https://ifilo.net/v/CKnb5cY,🔽اگر رفلاکس معده دارید نعنا مصرف نکنید  ✔️
https://ifilo.net/v/uvwclPb,وسواس فکری عملی
https://ifilo.net/v/yB3VwgU,کلیپ آموزشی سیررو چجوری باید مصرف کرد
https://ifilo.net/v/jSdrk3W,سیرابی معجزه ای برای سلامتی
https://ifilo.net/v/eGNMQVF,دوست و دشمن کبدتان را بشناسید!
https://ifilo.net/v/cwVMwDo,روش جدید پیاده روی
https://ifilo.net/v/3aM5xuU,این داروی دیابتی سلولهای سرطانی رو متوقف میکنه
https://ifilo.net/v/43bJLRJ,این داروی دیابتی رشد سلول سرطانی رو کند میکنه
https://ifilo.net/v/39w3mva,نبض خود را چگونه بگیریم؟ | آموزش ساده بررسی ضربان قلب
https://ifilo.net/v/bcqlICU,استفاده از چه مواردی، فشار خون را پایین و در حد نرمال نگه می دارد؟
https://ifilo.net/v/jsKmZeb,عادتهای روزمره که زندگی شما را تغییر میدهد
https://ifilo.net/v/BeizX8f,یکی از  بزرگترین دشمنان مغز!🧠
https://ifilo.net/v/e4qVTON,نوزاد ۵ روزه که با دو دندان سانترال به دنیا اومده بود
https://ifilo.net/v/V9YKo7S,خواص سیر رو چند برابر کنید
https://ifilo.net/v/CHI68Xd,این روزها ویروسها چقدر خطرناک هستند؟
https://ifilo.net/v/Q4r0oqa,هشدار! استفاده خطرناک از هاردنر صنعتی در بستنی های لبنیاتی محلی تهران
https://ifilo.net/v/60hj3i5,سه عامل اصلی ایجاد سرطان از نظر پدر علم ژنتیک ایران پروفسور داریوش فرهود
https://ifilo.net/v/m7GODEW,بی تحرکی چه تاثیری روی دیسک کمر دارد؟؟
https://ifilo.net/v/po6U0hR,ماسک روشن کننده پوست
https://ifilo.net/v/9nMfOQy,ترفندازبین بردن دونه های سرسیاه بینی
https://ifilo.net/v/WtoRrzS,ناخن زیبا و محکم
https://ifilo.net/v/HQLQbux,چشمان قشنگ فرزندان ایران زمین
https://ifilo.net/v/dvJgBoF,اگر این علائم و داری کبدت بیماره!
https://ifilo.net/v/cYIeCaq,گزنه: گیاه هزار خاصیت، شفابخش کل بدن و محافظ قلب شما
https://ifilo.net/v/42cKViM,چند نکته درباره نگهداری بعضی چیزها در آشپزخانه
https://ifilo.net/v/XE3sTzY,آموزش سایه چشم به سبک کره ای /سایه چشم جذاب دیدنی /که چشم جاری رو هم کور میکنونه😂
https://ifilo.net/v/DsmI5dR,ایده برای ست کردن لباس
https://ifilo.net/v/5rPHcQU,پیراهن سبز و دامن
https://ifilo.net/v/C7jLC7e,کت قرمز که میگن اینه هااااا
https://ifilo.net/v/61LfnPQ,هر کدوم از براش ها مخصوص چه کاری هست
https://ifilo.net/v/WAZrKED,روتین نی نی کوچولو
https://ifilo.net/v/fqREEYd,کلیپ دانستنی  ( می دانستی مسح کشیدن در وضو کار قرص اعصاب رو انجام میده )
https://ifilo.net/v/PDa68Ls,شستشوی مغزی اینجوری انجام میشه
https://ifilo.net/v/FVC0u4f,روتین در زندگی روزمره
https://ifilo.net/v/t5vk5M6,روتین روزانه و شبانه
https://ifilo.net/v/6KuPC8z,روتین روزانه و پوستی
https://ifilo.net/v/2l2i4hQ,کلیپ استوری دخانیات سیگار قلیون ویپ الکترونیک تولد خرداد سریال فیلم کارتون خبر
https://ifilo.net/v/ZfMsJF3,شامپور بدن حاوی روغن نارگیل
https://ifilo.net/v/POAfgu0,با ویتامین «دی» پیری سریع را متوقف کنید
https://ifilo.net/v/k6JEv6k,ماسک بوتاکس صورت
https://ifilo.net/v/bRDyY8t,محصول بسیارقوی جوش
https://ifilo.net/v/tko73mB,مزایای استفاده ازمیوه ها
https://ifilo.net/v/T4V41eP,مزایای استفاده ازآب برنج
https://ifilo.net/v/lMjzVR5,خانوادت  و اینجوری از «مرگ» نجات بده
https://ifilo.net/v/7vzmpXC,دلایل زدن جوش صورت
https://ifilo.net/v/XcWqFf7,مرکز ایمپلنت دندان  دکتر قادری
https://ifilo.net/v/mZqX9DR,خخ۶خخهخحهننعححخخخع۶۶تتنهعخ۷عم
https://ifilo.net/v/sVp0xqF,آیا توت و از درخت بخوریم یا نخوریم؟
https://ifilo.net/v/0l4Ys0h,کلیپ دانستنی  ( چرا استفاده از کلا ایمنی در حین کار مهمه )
https://ifilo.net/v/f9ZFK0M,کلیپ دانستنی  ( بهترین درمان برای گلودرد همینه )
https://ifilo.net/v/rpIQH5G,کلیپ دانستنی  ( مراقب از کبد )
https://ifilo.net/v/c5HJ8pD,ورزش صبحگاهی بانو دلربا
https://ifilo.net/v/xLGCTJW,بمب انرژی که قبل تمرین اگر بزنی دیگه تو طول تمرین خسته نمیشی:
https://ifilo.net/v/s9fqRPp,قوی ترین درمان ضد التهاب جهان!
https://ifilo.net/v/RVpwSC9,۳ راهکار بینظیر برای درمان ضعیفی چشم و تقویت بینایی که با انجامش شوکه خواهید شد!
https://ifilo.net/v/BX7f0Qc,زمان درست مصرف ویتامین برای لاغری
https://ifilo.net/v/83a8ry3,هشدار دکتر محمد نظری: این داروها را با هم نخورید، خطر مرگ دارد!
https://ifilo.net/v/JUYWG9A,۷ وسیله ای که باید فوراً از آشپزخانه ات دور بندازی!
https://ifilo.net/v/3MC6uXr,درمان افسردگی توسط دکتر هلاکویی. ۱
https://ifilo.net/v/11ct2SB,افکار منفی باعث مریضی میشود
https://ifilo.net/v/hbusxKj,علت و عوامل افسردگی
https://ifilo.net/v/AKsgB6J,آناتومی ستون فقرات و گردن عجیب و زیبا
