[
  {
    "link": "https://ifilo.net/v/23OHlDJ",
    "title": "درمانخانگیپاشنهپا"
  },
  {
    "link": "https://ifilo.net/v/oZ5csxc",
    "title": "معاونسلامتکشور۲۷٪مردمرفسنجانتریاکمیکشن"
  },
  {
    "link": "https://ifilo.net/v/qVgKONW",
    "title": "گیاهاندارویی.غنقلیاخارمریمگیاهانداروییکهبهصورتخودرو"
  },
  {
    "link": "https://ifilo.net/v/AxCLhx6",
    "title": "لب❎کویرلوت✅آموزشاسکرابلب"
  },
  {
    "link": "https://ifilo.net/v/gjtu66I",
    "title": "چطورپوستمانراسفیدکنیم؟/معجزهسفیدشدنپوستدریکروز!"
  },
  {
    "link": "https://ifilo.net/v/0DlE7v1",
    "title": "روتینپوستی،روتین"
  },
  {
    "link": "https://ifilo.net/v/89JMNo9",
    "title": "پنککضدآبلاکچریکوین|پنککبینظیرجدید"
  },
  {
    "link": "https://ifilo.net/v/9prkcLI",
    "title": "پدپاککنندهلکهلباسEunmsi"
  },
  {
    "link": "https://ifilo.net/v/nlKg3XJ",
    "title": "بهترینمتخصصختنهمدرنبهتمامروشهایدانشگاهی"
  },
  {
    "link": "https://ifilo.net/v/X2LjA2S",
    "title": "گامهاییبزرگبردار…رویاهاییبزرگداشتهباش"
  },
  {
    "link": "https://ifilo.net/v/bp8tXYQ",
    "title": "دهمخردادروزجهانیبدوندخانیات"
  },
  {
    "link": "https://ifilo.net/v/5a1C6Gx",
    "title": "روشیبرایجرمگیریدنداندرخانه!🦷"
  },
  {
    "link": "https://ifilo.net/v/88vpjIg",
    "title": "حرکتطلاییبرایکمردرد!👌"
  },
  {
    "link": "https://ifilo.net/v/kSOHz28",
    "title": "موتورمحرکسرطانسهچیزه...!😨"
  },
  {
    "link": "https://ifilo.net/v/Cc2WfpM",
    "title": "میکاپ،میکاپقشنگ"
  },
  {
    "link": "https://ifilo.net/v/vHf1GII",
    "title": "جرمگیریدندانخانگی"
  },
  {
    "link": "https://ifilo.net/v/2Byn9ix",
    "title": "گروهخونتچیه؟ازکیامیتونیخونبگیری؟بهکیامیتونیخونبدی؟"
  },
  {
    "link": "https://ifilo.net/v/GGHqQ5E",
    "title": "رازپوستخوبمدلهایویکتوریاسکرت"
  },
  {
    "link": "https://ifilo.net/v/NWR6nYB",
    "title": "نکاتمهمپزشکیدربارهمصرفقهوهوقرصکلسیمومنیزیم☕💊"
  },
  {
    "link": "https://ifilo.net/v/432HQWb",
    "title": "توتمیوهسمزداییکبد"
  },
  {
    "link": "https://ifilo.net/v/UPweJdo",
    "title": "نکاتمهمپزشکیدربارهمصرفقهوهوقرصکلسیمومنیزیم☕💊"
  },
  {
    "link": "https://ifilo.net/v/ZgcLmFA",
    "title": "دستمالتوالتسرطانزاست؟"
  },
  {
    "link": "https://ifilo.net/v/RKxbwpN",
    "title": "✔تنماهیبخوریمیانه؟"
  },
  {
    "link": "https://ifilo.net/v/VcJFk0h",
    "title": "آموزشماسکخونگیبافروغ"
  },
  {
    "link": "https://ifilo.net/v/PYq74RR",
    "title": "میکاپقشنگباپرنیان"
  },
  {
    "link": "https://ifilo.net/v/RNP93Lp",
    "title": "انگشتکوچکجادوییوبشدتکاربردی"
  },
  {
    "link": "https://ifilo.net/v/qw9Oouw",
    "title": "روتینپوستیبانازنین"
  },
  {
    "link": "https://ifilo.net/v/SAjGmJT",
    "title": "روتینپوستیبافروغ"
  },
  {
    "link": "https://ifilo.net/v/c3w9oY4",
    "title": "میکاپصدادارخیلیقشنگبافروغ"
  },
  {
    "link": "https://ifilo.net/v/P7We3Nb",
    "title": "میکاپقشنگبامحیا😍"
  },
  {
    "link": "https://ifilo.net/v/savf2SN",
    "title": "آموزشمیکاپقشنگبهاری💕"
  },
  {
    "link": "https://ifilo.net/v/wUAVfmE",
    "title": "اسمر،روتینپوستی"
  },
  {
    "link": "https://ifilo.net/v/fqi9sPG",
    "title": "روتینپوستی،روتین😍💕"
  },
  {
    "link": "https://ifilo.net/v/Il3yvLf",
    "title": "روتینپوستیبانادینا"
  },
  {
    "link": "https://ifilo.net/v/SI8xWrH",
    "title": "میکاپصدادارخیلیقشنگبافروغ"
  },
  {
    "link": "https://ifilo.net/v/L3NGhlt",
    "title": "آیادراسلامنوشیدنآببهصورتایستادهمکروهاست؟"
  },
  {
    "link": "https://ifilo.net/v/6l8J2qy",
    "title": "بیمارستانبدنکبد/کاراییکهکبدبرایبدنانجاممیده"
  },
  {
    "link": "https://ifilo.net/v/goWaTzJ",
    "title": "پاکسازیکلیهبابرگزیتون"
  },
  {
    "link": "https://ifilo.net/v/CKnb5cY",
    "title": "🔽اگررفلاکسمعدهداریدنعنامصرفنکنید✔️"
  },
  {
    "link": "https://ifilo.net/v/uvwclPb",
    "title": "وسواسفکریعملی"
  },
  {
    "link": "https://ifilo.net/v/yB3VwgU",
    "title": "کلیپآموزشیسیرروچجوریبایدمصرفکرد"
  },
  {
    "link": "https://ifilo.net/v/jSdrk3W",
    "title": "سیرابیمعجزهایبرایسلامتی"
  },
  {
    "link": "https://ifilo.net/v/eGNMQVF",
    "title": "دوستودشمنکبدتانرابشناسید!"
  },
  {
    "link": "https://ifilo.net/v/cwVMwDo",
    "title": "روشجدیدپیادهروی"
  },
  {
    "link": "https://ifilo.net/v/3aM5xuU",
    "title": "ایندارویدیابتیسلولهایسرطانیرومتوقفمیکنه"
  },
  {
    "link": "https://ifilo.net/v/43bJLRJ",
    "title": "ایندارویدیابتیرشدسلولسرطانیروکندمیکنه"
  },
  {
    "link": "https://ifilo.net/v/39w3mva",
    "title": "نبضخودراچگونهبگیریم؟|آموزشسادهبررسیضربانقلب"
  },
  {
    "link": "https://ifilo.net/v/bcqlICU",
    "title": "استفادهازچهمواردی،فشارخونراپایینودرحدنرمالنگهمیدارد؟"
  },
  {
    "link": "https://ifilo.net/v/jsKmZeb",
    "title": "عادتهایروزمرهکهزندگیشماراتغییرمیدهد"
  },
  {
    "link": "https://ifilo.net/v/BeizX8f",
    "title": "یکیازبزرگتریندشمنانمغز!🧠"
  },
  {
    "link": "https://ifilo.net/v/e4qVTON",
    "title": "نوزاد۵روزهکهبادودندانسانترالبهدنیااومدهبود"
  },
  {
    "link": "https://ifilo.net/v/V9YKo7S",
    "title": "خواصسیرروچندبرابرکنید"
  },
  {
    "link": "https://ifilo.net/v/CHI68Xd",
    "title": "اینروزهاویروسهاچقدرخطرناکهستند؟"
  },
  {
    "link": "https://ifilo.net/v/Q4r0oqa",
    "title": "هشدار!استفادهخطرناکازهاردنرصنعتیدربستنیهایلبنیاتیمحلیتهران"
  },
  {
    "link": "https://ifilo.net/v/60hj3i5",
    "title": "سهعاملاصلیایجادسرطانازنظرپدرعلمژنتیکایرانپروفسورداریوشفرهود"
  },
  {
    "link": "https://ifilo.net/v/m7GODEW",
    "title": "بیتحرکیچهتاثیریرویدیسککمردارد؟؟"
  },
  {
    "link": "https://ifilo.net/v/po6U0hR",
    "title": "ماسکروشنکنندهپوست"
  },
  {
    "link": "https://ifilo.net/v/9nMfOQy",
    "title": "ترفندازبینبردندونههایسرسیاهبینی"
  },
  {
    "link": "https://ifilo.net/v/WtoRrzS",
    "title": "ناخنزیباومحکم"
  },
  {
    "link": "https://ifilo.net/v/HQLQbux",
    "title": "چشمانقشنگفرزندانایرانزمین"
  },
  {
    "link": "https://ifilo.net/v/dvJgBoF",
    "title": "اگراینعلائموداریکبدتبیماره!"
  },
  {
    "link": "https://ifilo.net/v/cYIeCaq",
    "title": "گزنه:گیاههزارخاصیت،شفابخشکلبدنومحافظقلبشما"
  },
  {
    "link": "https://ifilo.net/v/42cKViM",
    "title": "چندنکتهدربارهنگهداریبعضیچیزهادرآشپزخانه"
  },
  {
    "link": "https://ifilo.net/v/XE3sTzY",
    "title": "آموزشسایهچشمبهسبککرهای/سایهچشمجذابدیدنی/کهچشمجاریروهمکورمیکنونه😂"
  },
  {
    "link": "https://ifilo.net/v/DsmI5dR",
    "title": "ایدهبرایستکردنلباس"
  },
  {
    "link": "https://ifilo.net/v/5rPHcQU",
    "title": "پیراهنسبزودامن"
  },
  {
    "link": "https://ifilo.net/v/C7jLC7e",
    "title": "کتقرمزکهمیگناینههااااا"
  },
  {
    "link": "https://ifilo.net/v/61LfnPQ",
    "title": "هرکدومازبراشهامخصوصچهکاریهست"
  },
  {
    "link": "https://ifilo.net/v/WAZrKED",
    "title": "روتیننینیکوچولو"
  },
  {
    "link": "https://ifilo.net/v/fqREEYd",
    "title": "کلیپدانستنی(میدانستیمسحکشیدندروضوکارقرصاعصابروانجاممیده)"
  },
  {
    "link": "https://ifilo.net/v/PDa68Ls",
    "title": "شستشویمغزیاینجوریانجاممیشه"
  },
  {
    "link": "https://ifilo.net/v/FVC0u4f",
    "title": "روتیندرزندگیروزمره"
  },
  {
    "link": "https://ifilo.net/v/t5vk5M6",
    "title": "روتینروزانهوشبانه"
  },
  {
    "link": "https://ifilo.net/v/6KuPC8z",
    "title": "روتینروزانهوپوستی"
  },
  {
    "link": "https://ifilo.net/v/2l2i4hQ",
    "title": "کلیپاستوریدخانیاتسیگارقلیونویپالکترونیکتولدخردادسریالفیلمکارتونخبر"
  },
  {
    "link": "https://ifilo.net/v/ZfMsJF3",
    "title": "شامپوربدنحاویروغننارگیل"
  },
  {
    "link": "https://ifilo.net/v/POAfgu0",
    "title": "باویتامین«دی»پیریسریعرامتوقفکنید"
  },
  {
    "link": "https://ifilo.net/v/k6JEv6k",
    "title": "ماسکبوتاکسصورت"
  },
  {
    "link": "https://ifilo.net/v/bRDyY8t",
    "title": "محصولبسیارقویجوش"
  },
  {
    "link": "https://ifilo.net/v/tko73mB",
    "title": "مزایایاستفادهازمیوهها"
  },
  {
    "link": "https://ifilo.net/v/T4V41eP",
    "title": "مزایایاستفادهازآببرنج"
  },
  {
    "link": "https://ifilo.net/v/lMjzVR5",
    "title": "خانوادتواینجوریاز«مرگ»نجاتبده"
  },
  {
    "link": "https://ifilo.net/v/7vzmpXC",
    "title": "دلایلزدنجوشصورت"
  },
  {
    "link": "https://ifilo.net/v/XcWqFf7",
    "title": "مرکزایمپلنتدنداندکترقادری"
  },
  {
    "link": "https://ifilo.net/v/mZqX9DR",
    "title": "خخ۶خخهخحهننعححخخخع۶۶تتنهعخ۷عم"
  },
  {
    "link": "https://ifilo.net/v/sVp0xqF",
    "title": "آیاتوتوازدرختبخوریمیانخوریم؟"
  },
  {
    "link": "https://ifilo.net/v/0l4Ys0h",
    "title": "کلیپدانستنی(چرااستفادهازکلاایمنیدرحینکارمهمه)"
  },
  {
    "link": "https://ifilo.net/v/f9ZFK0M",
    "title": "کلیپدانستنی(بهتریندرمانبرایگلودردهمینه)"
  },
  {
    "link": "https://ifilo.net/v/rpIQH5G",
    "title": "کلیپدانستنی(مراقبازکبد)"
  },
  {
    "link": "https://ifilo.net/v/c5HJ8pD",
    "title": "ورزشصبحگاهیبانودلربا"
  },
  {
    "link": "https://ifilo.net/v/xLGCTJW",
    "title": "بمبانرژیکهقبلتمریناگربزنیدیگهتوطولتمرینخستهنمیشی:"
  },
  {
    "link": "https://ifilo.net/v/s9fqRPp",
    "title": "قویتریندرمانضدالتهابجهان!"
  },
  {
    "link": "https://ifilo.net/v/RVpwSC9",
    "title": "۳راهکاربینظیربرایدرمانضعیفیچشموتقویتبیناییکهباانجامششوکهخواهیدشد!"
  },
  {
    "link": "https://ifilo.net/v/BX7f0Qc",
    "title": "زماندرستمصرفویتامینبرایلاغری"
  },
  {
    "link": "https://ifilo.net/v/83a8ry3",
    "title": "هشداردکترمحمدنظری:اینداروهاراباهمنخورید،خطرمرگدارد!"
  },
  {
    "link": "https://ifilo.net/v/JUYWG9A",
    "title": "۷وسیلهایکهبایدفوراًازآشپزخانهاتدوربندازی!"
  },
  {
    "link": "https://ifilo.net/v/3MC6uXr",
    "title": "درمانافسردگیتوسطدکترهلاکویی.۱"
  },
  {
    "link": "https://ifilo.net/v/11ct2SB",
    "title": "افکارمنفیباعثمریضیمیشود"
  },
  {
    "link": "https://ifilo.net/v/hbusxKj",
    "title": "علتوعواملافسردگی"
  },
  {
    "link": "https://ifilo.net/v/AKsgB6J",
    "title": "آناتومیستونفقراتوگردنعجیبوزیبا"
  }
]