link,title
https://ifilo.net/v/QUMIMK1,ورزش باعث طول عمر پیشود
https://ifilo.net/v/Yq4L40j,رندی یا جان کدوم😶حتما حمایت کنید ❤️🩹🙏🏻
https://ifilo.net/v/mKzxPwV,ارتش جان سینا💪🏻❤️🔥حتما حمایت کنید 🙏🏻❤️🩹
https://ifilo.net/v/NGAA26U,سبک زندگی (کریستیانو رونالدو)
https://ifilo.net/v/1nN70cJ,فیلم اهدای مدال نقره لیگ قهرمانان اروپا به مهدی طارمی و بازیکنان اینتر
https://ifilo.net/v/u15EBCE,خلاصه بازی فوتبال فینال لیگ قهرمانان اروپا اینتر _0 پاری سن  ژرمن ۵
https://ifilo.net/v/Oti0Mjw,دانلود مستند Symphony on Skis 2017
https://ifilo.net/v/x52yGQt,دانلود مستند فراتر از یک بازی More Than a Game 2008
https://ifilo.net/v/3WPhoZ9,برای رفع قوز کمر این فیلم را ببین
https://ifilo.net/v/7t27dDU,🎥  بالابردن جام لیگ قهرمانان اروپا توسط مارکینیوش، کاپیتان پاری سن ژرمن
https://ifilo.net/v/gxm40Vi,🔸 پس از قهرمانی پاری سن ژرمن در لیگ قهرمانان اروپا
https://ifilo.net/v/KjKUO6v,خلاصه بازی پاری سن ژرمن5 اینتر0
https://ifilo.net/v/CFRguO0,خلاصه بازی اینتر میامی 5 - کلومبوس کرو ۱
https://ifilo.net/v/yLHBEFs,تلفات پاریس در جشن قهرمانی کم سابقه
https://ifilo.net/v/o3ne5tc,خلاصه بسکتبال ایندیانا پیسرز - نیویورک نیکس (گزارش اختصاصی)
https://ifilo.net/v/cfRprBD,مروری بر تیتر روزنامه های ورزشی امروز (11 - 03 - 1404)
https://ifilo.net/v/xkviYH6,برد فضلی برابر محمدعلی عموزاد
https://ifilo.net/v/q5968NC,مقایسه جام های کسب شده استقلال و پرسپولیس
https://ifilo.net/v/w4eUjGP,پاس گل مسی، گل پنجم اینتر میامی به کلومبوس کرو
https://ifilo.net/v/6GNCYyl,گل چهارم اینتر میامی به کلومبوس کرو (سوارز)
https://ifilo.net/v/yGWVALU,گل سوم اینتر میامی به کلومبوس کرو (مسی)
https://ifilo.net/v/UAKSOyB,گل دوم اینتر میامی به کلومبوس کرو (مسی)
https://ifilo.net/v/DJBuZNB,پاس گل مسی، گل اول اینتر میامی به کلومبوس کرو
https://ifilo.net/v/c0p258M,فیلم/ جشن و اهدای جام قهرمانی اروپا به پاریسن ژرمن
https://ifilo.net/v/vNXhB0h,فیلم/ دبل مسی در شب پیروزی پرگل اینتر میامی
https://ifilo.net/v/v2QX8nk,جام فوتسال شهید عزیز ما و مراسم اهدای جام
https://ifilo.net/v/yRra6CE,بدنسازی (هادی چوپان) با (حسین حسینی)
https://ifilo.net/v/nNbUVLI,حرکت جوانمردانه یونس امامی و امیر محمد یزدانی بعد از فینال رنکینگ مغولستان
https://ifilo.net/v/fSWXAhi,خلاصه بازی پاری سن ژرمن 5-0 اینتر (فینال لیگ قهرمانان اروپا - 25-2024)
https://ifilo.net/v/KfZOUpm,سه سال پیش در چنین روزی استقلال با فرهاد مجیدی بدون باخت قهرمان لیگ در فصل ۰۱-۱۴۰۰ شد💙🏆
https://ifilo.net/v/3bgH8x2,اگه به مدت ۷ روز فقط گوشت بخوری چی میشه ؟؟؟
https://ifilo.net/v/YPlnVqc,پرونده طارمی بسته شد 💔💔💔
https://ifilo.net/v/x5H1VaT,تمامی گل های چلسی در لیگ کنفرانس اروپا
https://ifilo.net/v/7LZDFBm,قهرمانی تیم فوتبال استقلال تهران
https://ifilo.net/v/O6VcLCQ,گل شوت راه دور کریم باقری
https://ifilo.net/v/zuMgjY9,خلاصه والیبال ایتالیا 2 - ایران 3  (بازی دوستانه اول)
https://ifilo.net/v/Ye3jwN0,والیبال ایران 3 - ۰ ازبکستان لیگ ملت های آسیا مرکزی
https://ifilo.net/v/UPEyJui,۵ حرکت برتر بازی دیشب ۳۱ می ۲۰۲۵ بسکتبال NBA  🏀✨
https://ifilo.net/v/ckNoSLK,مراسم اهدای جام لیگ قهرمانان اروپا به پاری  سن  ژرمن
https://ifilo.net/v/0JJaME4,خلاصه بازی نیویورک نیکس ۱۰۸-۱۲۵ ایندیانا پیسرز | بازی 6 فینال کنفرانس شرق بسکتبال NBA 🏀✨
https://ifilo.net/v/LSUrTy9,خلاصه بازی پاری سن ژرمن 5 - اینتر 0 ( فینال لیگ قهرمانان اروپا )
https://ifilo.net/v/qvREdg7,گل پنجم پاری  سن  ژرمن به اینتر (مایولو)
https://ifilo.net/v/KVOTvZS,گل چهارم پاری  سن  ژرمن به اینتر (کواراتسخلیا)
https://ifilo.net/v/0TUqJVl,مراسم اهدای جام لیگ قهرمانان اروپا به پاری  سن  ژرمن
https://ifilo.net/v/FhoZL1i,مراسم اهدای جام لیگ قهرمانان اروپا به پاری سن ژرمن
https://ifilo.net/v/AiSO6lM,گل سوم پاری  سن  ژرمن به اینتر (دزیره دوئه)
https://ifilo.net/v/T4F17Gs,گل دوم پاری  سن  ژرمن به اینتر (دزیره دوئه)
https://ifilo.net/v/CR2pXz8,گل اول پاری  سن  ژرمن به اینتر (اشرف حکیمی)
https://ifilo.net/v/MsbEtbu,8 تمرین عضلات پایین شکم با توپ جیم بال
https://ifilo.net/v/je7rRFh,واکنش عالمی به آغاز نقل و انتقالات برای استقلال
https://ifilo.net/v/w9jOr98,گل اول پاری سن ژرمن به اینتر توسط اشرف حکیمی در دقیقه ۱۲
https://ifilo.net/v/A2bnEJZ,پاریسی ها قهرمانان اروپا! خلاصه بازی پاری سن ژرمن ۵-۰ اینتر با گزارش فرانسوی
https://ifilo.net/v/W8OGyyd,پاری سن ژرمن ۵-۰ اینتر میلان | فینال لیگ قهرمانان اروپا ۲۰۲۴/۲۵
https://ifilo.net/v/gF3Srdy,اگه بازیکن های معروف چاق بودن
https://ifilo.net/v/bOpZ7Xp,پاری سن ژرمن 5 - ۰ اینتر فینال لیگ قهرمانان اروپا
https://ifilo.net/v/FvCsfaO,جشن احساسی و دیوانه وار پاری سن ژرمن قهرمان لیگ قهرمانان اروپا  ۲۰۲۵
https://ifilo.net/v/jPBIeNL,خلاصه بازی اینتر 2 - لاتزیو 2
https://ifilo.net/v/aGJJJRs,خلاصه بازی النصر 2 - الخلیج 0
https://ifilo.net/v/nglTKbg,خلاصه بازی تاتنهام 1 - منچستریونایتد 0
https://ifilo.net/v/ZeZEji9,خلاصه بازی پاری سن ژرمن 5 - اینتر 0
https://ifilo.net/v/pJAx2N2,خلاصه بازی استقلال 2 - صنعت نفت آبادان 0
https://ifilo.net/v/A8BZqtK,خلاصه بازی اتلتیک بیلبائو 0 - بارسلونا 3
https://ifilo.net/v/K4COb4b,خلاصه بازی رئال بتیس 1 - چلسی 4
https://ifilo.net/v/eHHPfrX,درخشش و دو گل لیونل مسی مقابل کلمبوس کرو |  لیگ برتر آمریکا MLS
https://ifilo.net/v/CFzvVZO,خلاصه بازی استقلال 1 - ملوان 0
https://ifilo.net/v/xb37gtU,خلاصه بازی گل گهر 0 - ملوان 1
https://ifilo.net/v/nr4Ouhl,خلاصه بازی کومو 0 - اینتر 2
https://ifilo.net/v/va1L0k3,خلاصه بازی ناپولی 2 - کالیاری 0
https://ifilo.net/v/wbEPbsc,خلاصه بازی رئال مادرید 2 - رئال سوسیداد 0
https://ifilo.net/v/EhC1xAA,جشن قهرمانی بازیکنان پی ای جی
https://ifilo.net/v/GRPDpCW,فینال لیگ قهرمانان اروپا ۲۰۲۵ پی ای جی ۵ اینتر ۰
https://ifilo.net/v/AnBVrF9,جذاب ترین استادیوم جهان دانستنی و فکت های برتر جهان  🙏❤️🙏
https://ifilo.net/v/bwFv5W0,درخشش خیره کننده مسی با دبل در گلزنی و پاس گل | اینتر میامی ۵-۱ کلمبوس کرو  | MLS
https://ifilo.net/v/7iMyTJs,حرکات ورزشی مهم برای افراد بالای چهل سال
https://ifilo.net/v/LfyMnog,لحظه بالا بردن جام قهرمانی لیگ قهرمانان برای پاری سن ژرمن 🙏❤️🙏
https://ifilo.net/v/5SNgEwX,فرم دهی باسن مخصوص خانم ها
https://ifilo.net/v/IK2mgbN,خلاصه بازی پاریس 5-0 اینتر 🙏❤️🙏فینال لیگ قهرمانان اروپا 🙏❤️🙏
https://ifilo.net/v/j4vHTbj,مراسم اهدای جام لیگ قهرمانان اروپا به پاری  سن  ژرمن
https://ifilo.net/v/RooZdKP,خلاصه بازی اینترمیامی ۵-۱ کلمبوس کرو | لیونل مسی ستاره میدان با دو گل و دو پاس گل
https://ifilo.net/v/n7pgdzs,مراسم اهدای جام لیگ قهرمانان اروپا به پاری  سن  ژرمن
https://ifilo.net/v/ZdSdXel,⚽️گل پنجم پاری سن ژرمن به اینتر توسط مایولو 87🙏❤️🙏
https://ifilo.net/v/ZDkWw1C,گل چهارم پاری سن ژرمن به اینتر توسط کوارتسخلیا  🙏❤️🙏
https://ifilo.net/v/t62ia5O,گل سوم پاری سن ژرمن به اینتر توسط دزیره دوئه 63  🙏❤️🙏
https://ifilo.net/v/W6BahPd,گل دوم پاری سن ژرمن به اینتر توسط دزیره دوئه 20  🙏❤️🙏
https://ifilo.net/v/A9aOmuQ,گل اول پاری سن ژرمن به اینتر توسط اشرف حکیمی 12  🙏❤️🙏
https://ifilo.net/v/TDHZcDs,خلاصه بازی پاری سن ژرمن 5 - اینتر 0 فینال 2025 (گزارش اختصاصی)
https://ifilo.net/v/4u7foGu,خلاصه والیبال ایران 0 و ایتالیا 3
https://ifilo.net/v/NCXQcXg,خلاصه بازی پاری سن ژرمن 5 و اینتر 0
https://ifilo.net/v/ZMSVViY,خلاصه بازی فینال قهرمانان اروپا پاريسن ژرمن و اینتر طارمی
https://ifilo.net/v/HHKJKbl,هک شدن نام تیم فوتبال پاری سن ژرمن برروی جام قهرمانی چمپیونزلیگ اروپا
https://ifilo.net/v/oLYr9mX,بازیکنان پاری سن ژرمن و تصاویر چهره های بازیکنان چمپیونزلیگ
https://ifilo.net/v/BGlvmtm,خلاصه بازی پاری سن ژرمن ۵_ اینتر۰
https://ifilo.net/v/eikQKPe,کشتی کج کج کج کجبزن بهدذ
https://ifilo.net/v/eGKMM48,ببینید؛ بدنسازی تخصصی گلر استقلال با قهرمان مستر المپیا
https://ifilo.net/v/iv21r6v,ببینید؛ دیوید بکام و تام کروز در استادیوم برای فینال اینتر-پاری سن ژرمن
https://ifilo.net/v/mhXDihq,ببینید؛ گل سوم پاری  سن  ژرمن به اینتر توسط دزیره دوئه دقیقه ۶۳
https://ifilo.net/v/QOfVZ9y,ببینید؛ گل دوم پاری  سن  ژرمن به اینتر توسط دوئه دقیقه ۲۰
https://ifilo.net/v/wjPF1Ci,ببینید؛ گل اول پاری  سن  ژرمن به اینتر توسط اشرف حکیمی دقیقه۱۲
https://ifilo.net/v/wkivVF0,ببینید؛ سنگ تمام هواداران پی اس جی به احترام دختر لوئیس انریکه
https://ifilo.net/v/h2adNuG,ببینید؛ خلاصه بازی پاری سن ژرمن ۵ - ۰ اینتر با گزارش فردوسی پور
