[
  {
    "link": "https://ifilo.net/v/QUMIMK1",
    "title": "ورزشباعثطولعمرپیشود"
  },
  {
    "link": "https://ifilo.net/v/Yq4L40j",
    "title": "رندییاجانکدوم😶حتماحمایتکنید❤️🩹🙏🏻"
  },
  {
    "link": "https://ifilo.net/v/mKzxPwV",
    "title": "ارتشجانسینا💪🏻❤️🔥حتماحمایتکنید🙏🏻❤️🩹"
  },
  {
    "link": "https://ifilo.net/v/NGAA26U",
    "title": "سبکزندگی(کریستیانورونالدو)"
  },
  {
    "link": "https://ifilo.net/v/1nN70cJ",
    "title": "فیلماهدایمدالنقرهلیگقهرماناناروپابهمهدیطارمیوبازیکناناینتر"
  },
  {
    "link": "https://ifilo.net/v/u15EBCE",
    "title": "خلاصهبازیفوتبالفیناللیگقهرماناناروپااینتر_0پاریسنژرمن۵"
  },
  {
    "link": "https://ifilo.net/v/Oti0Mjw",
    "title": "دانلودمستندSymphonyonSkis2017"
  },
  {
    "link": "https://ifilo.net/v/x52yGQt",
    "title": "دانلودمستندفراترازیکبازیMoreThanaGame2008"
  },
  {
    "link": "https://ifilo.net/v/3WPhoZ9",
    "title": "برایرفعقوزکمراینفیلمراببین"
  },
  {
    "link": "https://ifilo.net/v/7t27dDU",
    "title": "🎥بالابردنجاملیگقهرماناناروپاتوسطمارکینیوش،کاپیتانپاریسنژرمن"
  },
  {
    "link": "https://ifilo.net/v/gxm40Vi",
    "title": "🔸پسازقهرمانیپاریسنژرمندرلیگقهرماناناروپا"
  },
  {
    "link": "https://ifilo.net/v/KjKUO6v",
    "title": "خلاصهبازیپاریسنژرمن5اینتر0"
  },
  {
    "link": "https://ifilo.net/v/CFRguO0",
    "title": "خلاصهبازیاینترمیامی5-کلومبوسکرو۱"
  },
  {
    "link": "https://ifilo.net/v/yLHBEFs",
    "title": "تلفاتپاریسدرجشنقهرمانیکمسابقه"
  },
  {
    "link": "https://ifilo.net/v/o3ne5tc",
    "title": "خلاصهبسکتبالایندیاناپیسرز-نیویورکنیکس(گزارشاختصاصی)"
  },
  {
    "link": "https://ifilo.net/v/cfRprBD",
    "title": "مروریبرتیترروزنامههایورزشیامروز(11-03-1404)"
  },
  {
    "link": "https://ifilo.net/v/xkviYH6",
    "title": "بردفضلیبرابرمحمدعلیعموزاد"
  },
  {
    "link": "https://ifilo.net/v/q5968NC",
    "title": "مقایسهجامهایکسبشدهاستقلالوپرسپولیس"
  },
  {
    "link": "https://ifilo.net/v/w4eUjGP",
    "title": "پاسگلمسی،گلپنجماینترمیامیبهکلومبوسکرو"
  },
  {
    "link": "https://ifilo.net/v/6GNCYyl",
    "title": "گلچهارماینترمیامیبهکلومبوسکرو(سوارز)"
  },
  {
    "link": "https://ifilo.net/v/yGWVALU",
    "title": "گلسوماینترمیامیبهکلومبوسکرو(مسی)"
  },
  {
    "link": "https://ifilo.net/v/UAKSOyB",
    "title": "گلدوماینترمیامیبهکلومبوسکرو(مسی)"
  },
  {
    "link": "https://ifilo.net/v/DJBuZNB",
    "title": "پاسگلمسی،گلاولاینترمیامیبهکلومبوسکرو"
  },
  {
    "link": "https://ifilo.net/v/c0p258M",
    "title": "فیلم/جشنواهدایجامقهرمانیاروپابهپاریسنژرمن"
  },
  {
    "link": "https://ifilo.net/v/vNXhB0h",
    "title": "فیلم/دبلمسیدرشبپیروزیپرگلاینترمیامی"
  },
  {
    "link": "https://ifilo.net/v/v2QX8nk",
    "title": "جامفوتسالشهیدعزیزماومراسماهدایجام"
  },
  {
    "link": "https://ifilo.net/v/yRra6CE",
    "title": "بدنسازی(هادیچوپان)با(حسینحسینی)"
  },
  {
    "link": "https://ifilo.net/v/nNbUVLI",
    "title": "حرکتجوانمردانهیونسامامیوامیرمحمدیزدانیبعدازفینالرنکینگمغولستان"
  },
  {
    "link": "https://ifilo.net/v/fSWXAhi",
    "title": "خلاصهبازیپاریسنژرمن5-0اینتر(فیناللیگقهرماناناروپا-25-2024)"
  },
  {
    "link": "https://ifilo.net/v/KfZOUpm",
    "title": "سهسالپیشدرچنینروزیاستقلالبافرهادمجیدیبدونباختقهرمانلیگدرفصل۰۱-۱۴۰۰شد💙🏆"
  },
  {
    "link": "https://ifilo.net/v/3bgH8x2",
    "title": "اگهبهمدت۷روزفقطگوشتبخوریچیمیشه؟؟؟"
  },
  {
    "link": "https://ifilo.net/v/YPlnVqc",
    "title": "پروندهطارمیبستهشد💔💔💔"
  },
  {
    "link": "https://ifilo.net/v/x5H1VaT",
    "title": "تمامیگلهایچلسیدرلیگکنفرانساروپا"
  },
  {
    "link": "https://ifilo.net/v/7LZDFBm",
    "title": "قهرمانیتیمفوتبالاستقلالتهران"
  },
  {
    "link": "https://ifilo.net/v/O6VcLCQ",
    "title": "گلشوتراهدورکریمباقری"
  },
  {
    "link": "https://ifilo.net/v/zuMgjY9",
    "title": "خلاصهوالیبالایتالیا2-ایران3(بازیدوستانهاول)"
  },
  {
    "link": "https://ifilo.net/v/Ye3jwN0",
    "title": "والیبالایران3-۰ازبکستانلیگملتهایآسیامرکزی"
  },
  {
    "link": "https://ifilo.net/v/UPEyJui",
    "title": "۵حرکتبرتربازیدیشب۳۱می۲۰۲۵بسکتبالNBA🏀✨"
  },
  {
    "link": "https://ifilo.net/v/ckNoSLK",
    "title": "مراسماهدایجاملیگقهرماناناروپابهپاریسنژرمن"
  },
  {
    "link": "https://ifilo.net/v/0JJaME4",
    "title": "خلاصهبازینیویورکنیکس۱۰۸-۱۲۵ایندیاناپیسرز|بازی6فینالکنفرانسشرقبسکتبالNBA🏀✨"
  },
  {
    "link": "https://ifilo.net/v/LSUrTy9",
    "title": "خلاصهبازیپاریسنژرمن5-اینتر0(فیناللیگقهرماناناروپا)"
  },
  {
    "link": "https://ifilo.net/v/qvREdg7",
    "title": "گلپنجمپاریسنژرمنبهاینتر(مایولو)"
  },
  {
    "link": "https://ifilo.net/v/KVOTvZS",
    "title": "گلچهارمپاریسنژرمنبهاینتر(کواراتسخلیا)"
  },
  {
    "link": "https://ifilo.net/v/0TUqJVl",
    "title": "مراسماهدایجاملیگقهرماناناروپابهپاریسنژرمن"
  },
  {
    "link": "https://ifilo.net/v/FhoZL1i",
    "title": "مراسماهدایجاملیگقهرماناناروپابهپاریسنژرمن"
  },
  {
    "link": "https://ifilo.net/v/AiSO6lM",
    "title": "گلسومپاریسنژرمنبهاینتر(دزیرهدوئه)"
  },
  {
    "link": "https://ifilo.net/v/T4F17Gs",
    "title": "گلدومپاریسنژرمنبهاینتر(دزیرهدوئه)"
  },
  {
    "link": "https://ifilo.net/v/CR2pXz8",
    "title": "گلاولپاریسنژرمنبهاینتر(اشرفحکیمی)"
  },
  {
    "link": "https://ifilo.net/v/MsbEtbu",
    "title": "8تمرینعضلاتپایینشکمباتوپجیمبال"
  },
  {
    "link": "https://ifilo.net/v/je7rRFh",
    "title": "واکنشعالمیبهآغازنقلوانتقالاتبرایاستقلال"
  },
  {
    "link": "https://ifilo.net/v/w9jOr98",
    "title": "گلاولپاریسنژرمنبهاینترتوسطاشرفحکیمیدردقیقه۱۲"
  },
  {
    "link": "https://ifilo.net/v/A2bnEJZ",
    "title": "پاریسیهاقهرماناناروپا!خلاصهبازیپاریسنژرمن۵-۰اینترباگزارشفرانسوی"
  },
  {
    "link": "https://ifilo.net/v/W8OGyyd",
    "title": "پاریسنژرمن۵-۰اینترمیلان|فیناللیگقهرماناناروپا۲۰۲۴/۲۵"
  },
  {
    "link": "https://ifilo.net/v/gF3Srdy",
    "title": "اگهبازیکنهایمعروفچاقبودن"
  },
  {
    "link": "https://ifilo.net/v/bOpZ7Xp",
    "title": "پاریسنژرمن5-۰اینترفیناللیگقهرماناناروپا"
  },
  {
    "link": "https://ifilo.net/v/FvCsfaO",
    "title": "جشناحساسیودیوانهوارپاریسنژرمنقهرمانلیگقهرماناناروپا۲۰۲۵"
  },
  {
    "link": "https://ifilo.net/v/jPBIeNL",
    "title": "خلاصهبازیاینتر2-لاتزیو2"
  },
  {
    "link": "https://ifilo.net/v/aGJJJRs",
    "title": "خلاصهبازیالنصر2-الخلیج0"
  },
  {
    "link": "https://ifilo.net/v/nglTKbg",
    "title": "خلاصهبازیتاتنهام1-منچستریونایتد0"
  },
  {
    "link": "https://ifilo.net/v/ZeZEji9",
    "title": "خلاصهبازیپاریسنژرمن5-اینتر0"
  },
  {
    "link": "https://ifilo.net/v/pJAx2N2",
    "title": "خلاصهبازیاستقلال2-صنعتنفتآبادان0"
  },
  {
    "link": "https://ifilo.net/v/A8BZqtK",
    "title": "خلاصهبازیاتلتیکبیلبائو0-بارسلونا3"
  },
  {
    "link": "https://ifilo.net/v/K4COb4b",
    "title": "خلاصهبازیرئالبتیس1-چلسی4"
  },
  {
    "link": "https://ifilo.net/v/eHHPfrX",
    "title": "درخششودوگللیونلمسیمقابلکلمبوسکرو|لیگبرترآمریکاMLS"
  },
  {
    "link": "https://ifilo.net/v/CFzvVZO",
    "title": "خلاصهبازیاستقلال1-ملوان0"
  },
  {
    "link": "https://ifilo.net/v/xb37gtU",
    "title": "خلاصهبازیگلگهر0-ملوان1"
  },
  {
    "link": "https://ifilo.net/v/nr4Ouhl",
    "title": "خلاصهبازیکومو0-اینتر2"
  },
  {
    "link": "https://ifilo.net/v/va1L0k3",
    "title": "خلاصهبازیناپولی2-کالیاری0"
  },
  {
    "link": "https://ifilo.net/v/wbEPbsc",
    "title": "خلاصهبازیرئالمادرید2-رئالسوسیداد0"
  },
  {
    "link": "https://ifilo.net/v/EhC1xAA",
    "title": "جشنقهرمانیبازیکنانپیایجی"
  },
  {
    "link": "https://ifilo.net/v/GRPDpCW",
    "title": "فیناللیگقهرماناناروپا۲۰۲۵پیایجی۵اینتر۰"
  },
  {
    "link": "https://ifilo.net/v/AnBVrF9",
    "title": "جذابتریناستادیومجهاندانستنیوفکتهایبرترجهان🙏❤️🙏"
  },
  {
    "link": "https://ifilo.net/v/bwFv5W0",
    "title": "درخششخیرهکنندهمسیبادبلدرگلزنیوپاسگل|اینترمیامی۵-۱کلمبوسکرو|MLS"
  },
  {
    "link": "https://ifilo.net/v/7iMyTJs",
    "title": "حرکاتورزشیمهمبرایافرادبالایچهلسال"
  },
  {
    "link": "https://ifilo.net/v/LfyMnog",
    "title": "لحظهبالابردنجامقهرمانیلیگقهرمانانبرایپاریسنژرمن🙏❤️🙏"
  },
  {
    "link": "https://ifilo.net/v/5SNgEwX",
    "title": "فرمدهیباسنمخصوصخانمها"
  },
  {
    "link": "https://ifilo.net/v/IK2mgbN",
    "title": "خلاصهبازیپاریس5-0اینتر🙏❤️🙏فیناللیگقهرماناناروپا🙏❤️🙏"
  },
  {
    "link": "https://ifilo.net/v/j4vHTbj",
    "title": "مراسماهدایجاملیگقهرماناناروپابهپاریسنژرمن"
  },
  {
    "link": "https://ifilo.net/v/RooZdKP",
    "title": "خلاصهبازیاینترمیامی۵-۱کلمبوسکرو|لیونلمسیستارهمیدانبادوگلودوپاسگل"
  },
  {
    "link": "https://ifilo.net/v/n7pgdzs",
    "title": "مراسماهدایجاملیگقهرماناناروپابهپاریسنژرمن"
  },
  {
    "link": "https://ifilo.net/v/ZdSdXel",
    "title": "⚽️گلپنجمپاریسنژرمنبهاینترتوسطمایولو87🙏❤️🙏"
  },
  {
    "link": "https://ifilo.net/v/ZDkWw1C",
    "title": "گلچهارمپاریسنژرمنبهاینترتوسطکوارتسخلیا🙏❤️🙏"
  },
  {
    "link": "https://ifilo.net/v/t62ia5O",
    "title": "گلسومپاریسنژرمنبهاینترتوسطدزیرهدوئه63🙏❤️🙏"
  },
  {
    "link": "https://ifilo.net/v/W6BahPd",
    "title": "گلدومپاریسنژرمنبهاینترتوسطدزیرهدوئه20🙏❤️🙏"
  },
  {
    "link": "https://ifilo.net/v/A9aOmuQ",
    "title": "گلاولپاریسنژرمنبهاینترتوسطاشرفحکیمی12🙏❤️🙏"
  },
  {
    "link": "https://ifilo.net/v/TDHZcDs",
    "title": "خلاصهبازیپاریسنژرمن5-اینتر0فینال2025(گزارشاختصاصی)"
  },
  {
    "link": "https://ifilo.net/v/4u7foGu",
    "title": "خلاصهوالیبالایران0وایتالیا3"
  },
  {
    "link": "https://ifilo.net/v/NCXQcXg",
    "title": "خلاصهبازیپاریسنژرمن5واینتر0"
  },
  {
    "link": "https://ifilo.net/v/ZMSVViY",
    "title": "خلاصهبازیفینالقهرماناناروپاپاريسنژرمنواینترطارمی"
  },
  {
    "link": "https://ifilo.net/v/HHKJKbl",
    "title": "هکشدننامتیمفوتبالپاریسنژرمنبررویجامقهرمانیچمپیونزلیگاروپا"
  },
  {
    "link": "https://ifilo.net/v/oLYr9mX",
    "title": "بازیکنانپاریسنژرمنوتصاویرچهرههایبازیکنانچمپیونزلیگ"
  },
  {
    "link": "https://ifilo.net/v/BGlvmtm",
    "title": "خلاصهبازیپاریسنژرمن۵_اینتر۰"
  },
  {
    "link": "https://ifilo.net/v/eikQKPe",
    "title": "کشتیکجکجکجکجبزنبهدذ"
  },
  {
    "link": "https://ifilo.net/v/eGKMM48",
    "title": "ببینید؛بدنسازیتخصصیگلراستقلالباقهرمانمسترالمپیا"
  },
  {
    "link": "https://ifilo.net/v/iv21r6v",
    "title": "ببینید؛دیویدبکاموتامکروزدراستادیومبرایفینالاینتر-پاریسنژرمن"
  },
  {
    "link": "https://ifilo.net/v/mhXDihq",
    "title": "ببینید؛گلسومپاریسنژرمنبهاینترتوسطدزیرهدوئهدقیقه۶۳"
  },
  {
    "link": "https://ifilo.net/v/QOfVZ9y",
    "title": "ببینید؛گلدومپاریسنژرمنبهاینترتوسطدوئهدقیقه۲۰"
  },
  {
    "link": "https://ifilo.net/v/wjPF1Ci",
    "title": "ببینید؛گلاولپاریسنژرمنبهاینترتوسطاشرفحکیمیدقیقه۱۲"
  },
  {
    "link": "https://ifilo.net/v/wkivVF0",
    "title": "ببینید؛سنگتمامهوادارانپیاسجیبهاحترامدخترلوئیسانریکه"
  },
  {
    "link": "https://ifilo.net/v/h2adNuG",
    "title": "ببینید؛خلاصهبازیپاریسنژرمن۵-۰اینترباگزارشفردوسیپور"
  }
]